Datum trgovanja;Cena;% Promena;Obim;Promet;Open;Min;Max;Ponuda;Traznja;Metod trgovanja*;
29.12.2017;1496;2,47;4394;6572658;1487;1450;1499;-;-;KT
28.12.2017;1460;-2,67;7;10166;1406;1406;1470;-;-;KT
27.12.2017;1500;0,81;654;981000;1500;1500;1500;-;-;KT
26.12.2017;1488;0,20;952;1416984;1420;1420;1490;-;-;KT
25.12.2017;1485;1,30;193;286509;1404;1404;1490;-;-;KT
22.12.2017;1466;-2,27;25;36596;1410;1410;1495;-;-;KT
21.12.2017;1500;0,00;960;1440000;1500;1500;1500;-;-;KT
20.12.2017;1500;0,27;2807;4210015;1460;1460;1501;-;-;KT
19.12.2017;1496;1,84;13278;19860047;1350;1350;1498;-;-;KT
18.12.2017;1469;0,75;1011;1485488;1439;1400;1470;-;-;KT
15.12.2017;1458;-1,15;853;1257608;1475;1448;1475;-;-;KT
14.12.2017;1475;0,27;1820;2683987;1470;1470;1475;-;-;KT
13.12.2017;1471;0,20;7203;10591741;1451;1451;1471;-;-;KT
12.12.2017;1468;0,89;205;299952;1450;1450;1489;-;-;KT
11.12.2017;1455;-0,68;98;142561;1448;1448;1470;-;-;KT
08.12.2017;1465;0,69;4289;6281879;1450;1450;1465;-;-;KT
07.12.2017;1455;0,34;178;258762;1450;1450;1457;-;-;KT
06.12.2017;1450;-0,48;929;1347250;1450;1450;1451;-;-;KT
05.12.2017;1457;0,48;1739;2534035;1448;1448;1460;-;-;KT
04.12.2017;1450;-0,28;110;159500;1450;1450;1450;-;-;KT
01.12.2017;1454;0,41;341;495607;1451;1450;1460;-;-;KT
30.11.2017;1448;1,26;679;983019;1402;1402;1450;-;-;KT
29.11.2017;1430;-0,63;878;1255419;1402;1402;1450;-;-;KT
28.11.2017;1439;1,41;1613;2320505;1402;1401;1450;-;-;KT
27.11.2017;1419;-1,18;80;113215;1401;1401;1420;-;-;KT
24.11.2017;1436;1,13;3073;4412507;1400;1400;1439;-;-;KT
23.11.2017;1420;1,36;1258;1784848;1401;1401;1420;-;-;KT
22.11.2017;1401;0,07;86;120407;1400;1400;1401;-;-;KT
21.11.2017;1400;0,00;35;49000;1400;1400;1400;-;-;KT
20.11.2017;1400;-2,03;4527;6338105;1401;1400;1401;-;-;KT
17.11.2017;1429;2,00;8747;12498923;1400;1397;1435;-;-;KT
16.11.2017;1401;0,07;88;123238;1400;1400;1401;-;-;KT
15.11.2017;1400;-0,07;67743;94840240;1400;1400;1401;-;-;KT
14.11.2017;1401;0,00;206;288654;1401;1400;1403;-;-;KT
13.11.2017;1401;-0,99;901;1262301;1401;1401;1401;-;-;KT
10.11.2017;1415;-0,35;1019;1443370;1420;1400;1420;-;-;KT
09.11.2017;1420;1,36;475;672705;1401;1401;1429;-;-;KT
08.11.2017;1401;0,00;190;266130;1400;1400;1414;-;-;KT
07.11.2017;1401;0,21;213;298563;1402;1401;1402;-;-;KT
06.11.2017;1398;-0,29;127;177367;1320;1320;1400;-;-;KT
03.11.2017;1402;0,21;431;604474;1410;1400;1411;-;-;KT
02.11.2017;1399;-2,30;241;337213;1401;1360;1415;-;-;KT
01.11.2017;1432;1,27;96;136051;1414;1414;1449;-;-;KT
31.10.2017;1414;1,00;5891;8327260;1400;1400;1448;-;-;KT
30.10.2017;1400;-0,71;691;967539;1400;1400;1401;-;-;KT
27.10.2017;1410;0,71;9730;13718846;1395;1395;1448;-;-;KT
26.10.2017;1400;0,57;1130;1581624;1392;1392;1400;-;-;KT
25.10.2017;1392;0,87;625;869817;1390;1390;1395;-;-;KT
24.10.2017;1380;0,00;28;38640;1380;1380;1380;-;-;KT
23.10.2017;1380;-1,08;15;20700;1380;1380;1380;-;-;KT
20.10.2017;1395;0,22;2361;3292534;1371;1371;1400;-;-;KT
19.10.2017;1392;2,13;823;1143293;1362;1362;1400;-;-;KT
18.10.2017;1363;0,15;111;151213;1361;1361;1369;-;-;KT
17.10.2017;1361;-0,66;184;250340;1360;1360;1361;-;-;KT
16.10.2017;1370;0,74;146;199736;1368;1368;1370;-;-;KT
13.10.2017;1360;0,00;136;184965;1360;1360;1361;-;-;KT
12.10.2017;1360;-0,22;609;828439;1361;1360;1363;-;-;KT
11.10.2017;1363;0,22;77;104735;1360;1360;1363;-;-;KT
10.10.2017;1360;0,00;1041;1415937;1360;1360;1364;-;-;KT
09.10.2017;1360;0,00;60;81600;1360;1360;1360;-;-;KT
06.10.2017;1360;-0,29;100;136000;1360;1360;1360;-;-;KT
05.10.2017;1364;0,29;4698;6409286;1360;1360;1365;-;-;KT
04.10.2017;1360;0,74;634;862240;1360;1360;1360;-;-;KT
03.10.2017;1350;0,75;1082;1460987;1350;1350;1351;-;-;KT
02.10.2017;1340;-0,74;710;951347;1300;1300;1351;-;-;KT
29.09.2017;1350;-0,30;56;75600;1350;1350;1350;-;-;KT
28.09.2017;1354;0,30;477;645614;1350;1350;1355;-;-;KT
27.09.2017;1350;-0,15;37;49950;1350;1350;1350;-;-;KT
26.09.2017;1352;-0,22;33;44552;1350;1350;1352;-;-;KT
25.09.2017;1355;0,15;157;212735;1355;1355;1355;-;-;KT
22.09.2017;1353;-0,15;105;141967;1351;1351;1357;-;-;KT
21.09.2017;1355;0,22;20078;27205348;1350;1350;1355;-;-;KT
20.09.2017;1352;0,07;9324;12602168;1351;1300;1355;-;-;KT
19.09.2017;1351;-0,52;41;55551;1355;1351;1355;-;-;KT
18.09.2017;1358;0,22;406;551178;1355;1355;1360;-;-;KT
15.09.2017;1355;0,00;93;126015;1355;1355;1355;-;-;KT
14.09.2017;1355;-0,15;62;84010;1355;1355;1355;-;-;KT
13.09.2017;1357;-0,07;72;97601;1355;1355;1358;-;-;KT
12.09.2017;1358;-0,07;101;137253;1359;1355;1360;-;-;KT
11.09.2017;1359;0,07;73;99207;1359;1359;1359;-;-;KT
08.09.2017;1358;0,52;2699;3665240;1355;1355;1360;-;-;KT
07.09.2017;1351;-0,30;105;141843;1351;1350;1351;-;-;KT
06.09.2017;1355;0,00;800;1083855;1351;1351;1355;-;-;KT
05.09.2017;1355;0,00;114;154093;1351;1351;1355;-;-;KT
04.09.2017;1355;0,30;1556;2108010;1350;1350;1355;-;-;KT
01.09.2017;1351;-0,22;122;164828;1351;1351;1354;-;-;KT
31.08.2017;1354;0,30;273;370110;1357;1354;1357;-;-;KT
30.08.2017;1350;0,00;415;560252;1350;1350;1352;-;-;KT
29.08.2017;1350;0,00;1447;1953450;1350;1350;1350;-;-;KT
28.08.2017;1350;0,00;1282;1730750;1350;1350;1352;-;-;KT
25.08.2017;1350;-0,15;2652;3581534;1357;1350;1357;-;-;KT
24.08.2017;1352;-0,37;114;154443;1355;1352;1355;-;-;KT
23.08.2017;1357;0,37;131;177635;1355;1355;1357;-;-;KT
22.08.2017;1352;-0,37;282;381235;1350;1350;1355;-;-;KT
21.08.2017;1357;0,15;588;797684;1355;1355;1360;-;-;KT
18.08.2017;1355;-0,22;216;292632;1326;1326;1360;-;-;KT
17.08.2017;1358;0,67;493;667362;1350;1350;1360;-;-;KT
16.08.2017;1349;1,73;1423;1918633;1326;1325;1359;-;-;KT
15.08.2017;1326;-0,53;10;13253;1325;1325;1326;-;-;KT
14.08.2017;1333;-0,97;181;241153;1327;1327;1359;-;-;KT
11.08.2017;1346;1,13;250;336006;1339;1339;1350;-;-;KT
10.08.2017;1331;0,00;157;209005;1331;1326;1335;-;-;KT
09.08.2017;1331;0,08;57;75823;1330;1330;1331;-;-;KT
08.08.2017;1330;-0,23;566;752881;1331;1325;1331;-;-;KT
07.08.2017;1333;-0,52;17;22661;1333;1333;1333;-;-;KT
04.08.2017;1340;-0,74;276;369504;1332;1332;1340;-;-;KT
03.08.2017;1350;1,96;580;780501;1326;1326;1350;-;-;KT
02.08.2017;1324;-0,15;3408;4511157;1308;1308;1350;-;-;KT
01.08.2017;1326;1,38;599;793606;1300;1300;1348;-;-;KT
31.07.2017;1308;-0,76;266;348060;1310;1302;1310;-;-;KT
28.07.2017;1318;1,31;614;807472;1301;1301;1320;-;-;KT
27.07.2017;1301;0,08;84;109207;1300;1300;1302;-;-;KT
26.07.2017;1300;0,00;5687;7393126;1285;1285;1301;-;-;KT
25.07.2017;1300;-1,14;87;113100;1300;1300;1300;-;-;KT
24.07.2017;1315;1,15;18052;23732798;1300;1300;1315;-;-;KT
21.07.2017;1300;-0,15;3135;4075684;1302;1300;1302;-;-;KT
20.07.2017;1302;-0,31;225;292950;1302;1302;1302;-;-;KT
19.07.2017;1306;0,46;113;146955;1300;1300;1310;-;-;KT
18.07.2017;1300;0,08;1075;1397641;1300;1300;1302;-;-;KT
17.07.2017;1299;-0,08;144;186875;1281;1281;1300;-;-;KT
14.07.2017;1300;0,00;553;718900;1300;1300;1300;-;-;KT
13.07.2017;1300;0,93;837;1088100;1300;1300;1300;-;-;KT
12.07.2017;1288;0,55;23;29497;1281;1281;1295;-;-;KT
11.07.2017;1281;-1,54;78;100450;1300;1281;1300;-;-;KT
10.07.2017;1301;0,08;297;386222;1300;1300;1301;-;-;KT
07.07.2017;1300;1,25;585;760500;1300;1300;1300;-;-;KT
06.07.2017;1284;-1,23;11;14099;1281;1281;1285;-;-;KT
05.07.2017;1300;0,00;81683;106186898;1281;1281;1300;-;-;KT
04.07.2017;1300;0,15;4280;5563845;1300;1281;1300;-;-;KT
03.07.2017;1298;0,93;119;154294;1280;1280;1310;-;-;KT
30.06.2017;1286;-1,08;436;560773;1290;1281;1291;-;-;KT
29.06.2017;1300;0,70;7050;9164714;1290;1290;1300;-;-;KT
28.06.2017;1291;-2,64;4;5164;1291;1291;1291;-;-;KT
27.06.2017;1326;1,07;360;475642;1291;1291;1331;-;-;KT
26.06.2017;1312;1,86;785;1028965;1290;1290;1325;-;-;KT
23.06.2017;1288;-0,77;10;12864;1281;1281;1290;-;-;KT
22.06.2017;1298;-0,54;625;810839;1290;1290;1300;-;-;KT
21.06.2017;1305;0,69;3152;4114092;1296;1290;1307;-;-;KT
20.06.2017;1296;0,08;690;894343;1295;1290;1306;-;-;KT
19.06.2017;1295;1,09;446;577187;1280;1280;1300;-;-;KT
16.06.2017;1281;-0,39;184;235800;1285;1280;1286;-;-;KT
15.06.2017;1286;-0,23;32;41225;1289;1283;1289;-;-;KT
14.06.2017;1289;-1,38;7;9025;1285;1285;1290;-;-;KT
13.06.2017;1307;-0,23;14870;19431237;1280;1280;1310;-;-;KT
12.06.2017;1310;1,31;39452;51673160;1280;1280;1310;-;-;KT
09.06.2017;1293;-0,31;200;258170;1270;1270;1300;-;-;KT
08.06.2017;1297;1,01;927;1201417;1260;1260;1300;-;-;KT
07.06.2017;1284;-0,39;101;128071;1261;1261;1289;-;-;KT
06.06.2017;1289;2,38;1711;2204953;1260;1260;1300;-;-;KT
05.06.2017;1259;-1,33;79;99463;1259;1259;1260;-;-;KT
02.06.2017;1276;2,00;752;958758;1255;1255;1280;-;-;KT
01.06.2017;1251;-0,95;274;342897;1253;1250;1260;-;-;KT
31.05.2017;1263;-0,16;505;637418;1260;1257;1265;-;-;KT
30.05.2017;1265;0,64;12900;16317812;1260;1260;1265;-;-;KT
29.05.2017;1257;0,00;43;54021;1255;1255;1257;-;-;KT
26.05.2017;1257;-3,31;10525;13234617;1301;1250;1302;-;-;KT
25.05.2017;1300;-0,15;131;170300;1300;1300;1300;-;-;KT
24.05.2017;1302;0,15;104;135408;1302;1302;1302;-;-;KT
23.05.2017;1300;-0,15;468;608650;1302;1300;1302;-;-;KT
22.05.2017;1302;-0,31;301;392001;1303;1301;1307;-;-;KT
19.05.2017;1306;-0,08;183;238313;1302;1302;1307;-;-;KT
18.05.2017;1307;0,38;230;300360;1301;1301;1320;-;-;KT
17.05.2017;1302;-0,23;711;925493;1300;1300;1305;-;-;KT
16.05.2017;1305;-0,38;3135;4090586;1301;1300;1305;-;-;KT
15.05.2017;1310;0,23;3227;4225608;1300;1300;1310;-;-;KT
12.05.2017;1307;-0,15;316;414111;1311;1300;1311;-;-;KT
11.05.2017;1309;-1,65;692;905975;1290;1290;1311;-;-;KT
10.05.2017;1331;2,38;1561;2078103;1300;1299;1350;-;-;KT
09.05.2017;1300;0,00;1302;1692615;1300;1300;1310;-;-;KT
08.05.2017;1300;0,00;6273;8154895;1300;1290;1310;-;-;KT
05.05.2017;1300;0,00;13005;16906564;1301;1300;1301;-;-;KT
04.05.2017;1300;0,00;1384;1799095;1285;1285;1300;-;-;KT
03.05.2017;1300;-1,22;95;123407;1291;1291;1300;-;-;KT
28.04.2017;1316;1,23;296;388910;1300;1300;1329;-;-;KT
27.04.2017;1300;0,00;1232;1601600;1300;1300;1300;-;-;KT
26.04.2017;1300;0,00;81;105300;1300;1300;1300;-;-;KT
25.04.2017;1300;0,00;4400;5719086;1292;1292;1304;-;-;KT
24.04.2017;1300;1,25;564;731761;1284;1284;1300;-;-;KT
21.04.2017;1284;0,08;45;58005;1295;1280;1295;-;-;KT
20.04.2017;1283;-1,31;66;84648;1282;1282;1283;-;-;KT
19.04.2017;1300;1,33;5085;6610344;1295;1286;1300;-;-;KT
18.04.2017;1283;-1,76;107;140982;1320;1271;1320;-;-;KT
13.04.2017;1306;0,46;5466;7135772;1280;1280;1330;-;-;KT
12.04.2017;1300;0,70;13764;17890484;1275;1275;1309;-;-;KT
11.04.2017;1291;0,86;1456;1877504;1280;1270;1300;-;-;KT
10.04.2017;1280;-0,23;109;139434;1270;1270;1280;-;-;KT
07.04.2017;1283;-1,16;175;224297;1270;1270;1290;-;-;KT
06.04.2017;1298;0,93;1025;1330495;1261;1261;1300;-;-;KT
05.04.2017;1286;-0,69;52;66563;1250;1250;1292;-;-;KT
04.04.2017;1295;0,08;2380;3080896;1291;1285;1300;-;-;KT
03.04.2017;1294;-0,46;77;99566;1290;1290;1300;-;-;KT
31.03.2017;1300;0,00;1302;1691886;1280;1280;1305;-;-;KT
30.03.2017;1300;-0,76;3952;5137070;1300;1280;1305;-;-;KT
29.03.2017;1310;0,00;1239;1622588;1280;1280;1310;-;-;KT
28.03.2017;1310;0,00;6120;8017625;1310;1310;1320;-;-;KT
27.03.2017;1310;-1,50;4778;6265965;1330;1310;1330;-;-;KT
24.03.2017;1330;1,14;1765;2346907;1315;1315;1330;-;-;KT
23.03.2017;1315;-2,88;511;671975;1308;1308;1349;-;-;KT
22.03.2017;1354;-1,53;1840;2491945;1375;1349;1377;-;-;KT
21.03.2017;1375;-0,07;2430;3341115;1376;1355;1376;-;-;KT
20.03.2017;1376;-0,07;290;397588;1361;1361;1380;-;-;KT
17.03.2017;1377;1,55;1382;1902073;1356;1339;1400;-;-;KT
16.03.2017;1356;1,27;5216;7069187;1300;1300;1361;-;-;KT
15.03.2017;1339;2,37;2237;2991460;1303;1303;1350;-;-;KT
14.03.2017;1308;0,85;1208;1578645;1300;1300;1310;-;-;KT
13.03.2017;1297;2,85;5503;7132580;1262;1250;1300;-;-;KT
10.03.2017;1261;-0,08;103;129606;1212;1212;1270;-;-;KT
09.03.2017;1262;-1,41;209;263595;1259;1259;1275;-;-;KT
08.03.2017;1280;0,16;10186;13037699;1278;1210;1290;-;-;KT
07.03.2017;1278;0,24;1039;1320722;1219;1219;1290;-;-;KT
06.03.2017;1275;6,16;8442;10753344;1201;1200;1299;-;-;KT
03.03.2017;1201;1,09;10536;12652263;1175;1165;1250;-;-;KT
02.03.2017;1188;1,19;2246;2667466;1174;1174;1195;-;-;KT
01.03.2017;1174;0,09;2504;2939417;1156;1156;1175;-;-;KT
28.02.2017;1173;-0,42;64;74893;1156;1156;1175;-;-;KT
27.02.2017;1178;0,26;8094;9532063;1151;1151;1179;-;-;KT
24.02.2017;1175;-0,51;968;1137400;1175;1175;1175;-;-;KT
23.02.2017;1181;-0,42;35;41295;1176;1176;1186;-;-;KT
22.02.2017;1186;-1,00;28;33198;1176;1176;1190;-;-;KT
21.02.2017;1198;0,17;849;1016889;1196;1176;1199;-;-;KT
20.02.2017;1196;2,93;969;1153518;1152;1152;1199;-;-;KT
17.02.2017;1162;1,04;2323;2699524;1141;1141;1181;-;-;KT
14.02.2017;1150;0,00;2056;2364580;1150;1150;1159;-;-;KT
13.02.2017;1150;1,77;7201;8280462;1150;1135;1160;-;-;KT
10.02.2017;1130;-0,88;406;456765;1125;1125;1130;-;-;KT
09.02.2017;1140;3,17;3629;4134668;1104;1104;1150;-;-;KT
08.02.2017;1105;-1,34;109;120229;1103;1103;1105;-;-;KT
07.02.2017;1120;1,82;1320;1477505;1100;1100;1130;-;-;KT
06.02.2017;1100;-1,87;36;39615;1101;1100;1101;-;-;KT
03.02.2017;1121;-1,75;1406;1576432;1120;1120;1140;-;-;KT
02.02.2017;1141;-0,17;165;185249;1120;1120;1143;-;-;KT
01.02.2017;1143;3,81;871;988913;1101;1101;1150;-;-;KT
31.01.2017;1101;0,00;270;297135;1100;1100;1101;-;-;KT
30.01.2017;1101;0,09;2367;2606082;1100;1100;1106;-;-;KT
27.01.2017;1100;-0,09;207;227700;1100;1100;1100;-;-;KT
26.01.2017;1101;0,09;143;157354;1100;1096;1101;-;-;KT
25.01.2017;1100;0,00;16945;18639347;1070;1070;1102;-;-;KT
24.01.2017;1100;0,00;186;204379;1090;1080;1106;-;-;KT
23.01.2017;1100;0,00;1732;1904805;1060;1060;1100;-;-;KT
20.01.2017;1100;-0,54;909;1000442;1105;1100;1107;-;-;KT
19.01.2017;1106;-0,09;98;107876;1100;1100;1107;-;-;KT
18.01.2017;1107;0,64;504;560322;1120;1100;1125;-;-;KT
17.01.2017;1100;-0,27;3318;3650987;1100;1100;1106;-;-;KT
16.01.2017;1103;-2,13;3695;4074506;1105;1100;1127;-;-;KT
13.01.2017;1127;0,18;1342;1505412;1102;1102;1150;-;-;KT
12.01.2017;1125;-0,79;748;841655;1126;1125;1140;-;-;KT
11.01.2017;1134;-0,70;1182;1341061;1140;1125;1142;-;-;KT
10.01.2017;1142;0,18;72;82156;1141;1141;1142;-;-;KT
09.01.2017;1140;-0,09;1093;1244165;1135;1135;1168;-;-;KT
06.01.2017;1141;-0,78;65;74101;1140;1140;1141;-;-;KT
05.01.2017;1150;0,97;1062;1220804;1135;1135;1150;-;-;KT
04.01.2017;1139;-1,47;29;32771;1113;1113;1145;-;-;KT
30.12.2016;1156;0,52;413;477279;1150;1121;1158;-;-;KT
29.12.2016;1150;-1,54;311;358105;1168;1112;1168;-;-;KT
28.12.2016;1168;0,34;674;786164;1160;1110;1180;-;-;KT
27.12.2016;1164;0,78;254;294942;1155;1155;1170;-;-;KT
26.12.2016;1155;-0,09;69;79693;1156;1150;1160;-;-;KT
23.12.2016;1156;-2,12;380;439280;1156;1156;1156;-;-;KT
22.12.2016;1181;0,60;436;510626;1157;1157;1191;-;-;KT
21.12.2016;1174;1,56;450;525317;1156;1156;1177;-;-;KT
20.12.2016;1156;0,09;55;63534;1155;1155;1156;-;-;KT
19.12.2016;1155;-1,62;1428;1648442;1153;1150;1160;-;-;KT
16.12.2016;1174;-0,25;1115;1308765;1121;1121;1175;-;-;KT
15.12.2016;1177;-1,18;2349;2764960;1180;1170;1200;-;-;KT
14.12.2016;1191;-0,75;1035;1232504;1186;1186;1200;-;-;KT
13.12.2016;1200;-0,83;1902;2281342;1178;1178;1200;-;-;KT
12.12.2016;1210;1,00;2543;3075510;1198;1151;1220;-;-;KT
09.12.2016;1198;1,96;2265;2708076;1171;1171;1200;-;-;KT
08.12.2016;1175;2,98;1297;1516512;1140;1140;1300;-;-;KT
07.12.2016;1141;2,79;2210;2514563;1100;1100;1150;-;-;KT
06.12.2016;1110;0,91;1831;2031008;1102;1100;1125;-;-;KT
05.12.2016;1100;-0,63;333;366300;1100;1100;1100;-;-;KT
02.12.2016;1107;1,10;899;993346;1100;1100;1119;-;-;KT
01.12.2016;1095;1,01;2359;2582479;1075;1075;1100;-;-;KT
30.11.2016;1084;-0,37;109;117733;1056;1056;1089;-;-;KT
29.11.2016;1088;-0,37;1615;1756545;1085;1080;1100;-;-;KT
28.11.2016;1092;-0,18;190;207111;1080;1080;1095;-;-;KT
25.11.2016;1094;-0,09;65;70992;1090;1085;1095;-;-;KT
24.11.2016;1095;-0,82;728;798785;1100;1085;1100;-;-;KT
23.11.2016;1104;0,09;5349;5905197;1105;1096;1110;-;-;KT
22.11.2016;1103;-0,18;137;150968;1100;1100;1105;-;-;KT
21.11.2016;1105;-0,18;146;160317;1096;1096;1107;-;-;KT
18.11.2016;1107;2,50;497;546270;1075;1075;1130;-;-;KT
17.11.2016;1080;0,65;152;163180;1073;1073;1080;-;-;KT
16.11.2016;1073;0,28;3711;3980770;1070;1070;1082;-;-;KT
15.11.2016;1070;0,00;4360;4665361;1085;1060;1085;-;-;KT
14.11.2016;1070;-1,83;3050;3262933;1075;1068;1085;-;-;KT
10.11.2016;1090;0,65;2364;2575110;1073;1073;1099;-;-;KT
09.11.2016;1083;1,21;229;246298;1070;1070;1090;-;-;KT
08.11.2016;1070;0,00;257;274975;1068;1068;1071;-;-;KT
07.11.2016;1070;-2,64;6494;6951300;1071;1066;1099;-;-;KT
04.11.2016;1099;3,78;1955;2145290;1065;1065;1100;-;-;KT
03.11.2016;1059;-0,84;243;257474;1062;1052;1070;-;-;KT
02.11.2016;1068;-5,32;18532;19788412;1105;1060;1122;-;-;KT
01.11.2016;1128;-0,18;210;236970;1130;1120;1133;-;-;KT
31.10.2016;1130;-0,26;201;227132;1130;1110;1133;-;-;KT
28.10.2016;1133;0,27;293;330756;1125;1125;1140;-;-;KT
27.10.2016;1130;0,44;48;54848;1150;1104;1150;-;-;KT
26.10.2016;1125;-3,18;593;686865;1162;1110;1162;-;-;KT
25.10.2016;1162;-1,11;297;345063;1150;1107;1174;-;-;KT
24.10.2016;1175;0,00;227;266802;1175;1100;1190;-;-;KT
21.10.2016;1175;-0,09;257;294198;1097;1097;1194;-;-;KT
20.10.2016;1176;9,60;9279;10898339;1057;1057;1200;-;-;KT
19.10.2016;1073;2,68;2310;2472040;1033;1033;1095;-;-;KT
18.10.2016;1045;1,55;550;572014;1030;1030;1079;-;-;KT
17.10.2016;1029;1,08;3665;3770917;1004;1004;1030;-;-;KT
14.10.2016;1018;0,39;299;303911;1010;1010;1019;-;-;KT
13.10.2016;1014;-0,59;1753;1777626;1013;1010;1020;-;-;KT
12.10.2016;1020;-0,58;3050;3110949;1011;1011;1026;-;-;KT
11.10.2016;1026;-2,84;1540;1580160;1056;1020;1056;-;-;KT
10.10.2016;1056;0,00;2458;2595659;1056;1056;1057;-;-;KT
07.10.2016;1056;0,00;466;492146;1056;1056;1067;-;-;KT
06.10.2016;1056;0,09;20610;21762909;1065;1055;1080;-;-;KT
05.10.2016;1055;-1,12;334;349816;1040;1040;1067;-;-;KT
04.10.2016;1067;2,99;2049;2186424;1040;1040;1070;-;-;KT
03.10.2016;1036;-2,17;276;285840;1032;1030;1055;-;-;KT
30.09.2016;1059;0,00;269;284433;1050;1050;1062;-;-;KT
29.09.2016;1059;-0,09;681;721409;1060;1050;1062;-;-;KT
28.09.2016;1060;-0,19;286;302985;1053;1053;1064;-;-;KT
27.09.2016;1062;-0,28;103;109125;1016;1016;1065;-;-;KT
26.09.2016;1065;-0,93;474;505130;1070;1010;1070;-;-;KT
23.09.2016;1075;0,28;179;192098;1070;1070;1080;-;-;KT
22.09.2016;1072;-0,74;145;155457;1071;1070;1080;-;-;KT
21.09.2016;1080;-1,55;32;34425;1071;1071;1080;-;-;KT
20.09.2016;1097;0,73;378;412070;1073;1073;1099;-;-;KT
19.09.2016;1089;1,97;123;133503;1068;1060;1096;-;-;KT
16.09.2016;1068;-2,82;1096;1171979;1081;1051;1090;-;-;KT
15.09.2016;1099;1,85;1614;1771268;1080;1080;1100;-;-;KT
14.09.2016;1079;1,89;1043;1125627;1051;1051;1080;-;-;KT
13.09.2016;1059;-3,81;694;731420;1049;1049;1100;-;-;KT
12.09.2016;1101;-0,45;537;591248;1100;1090;1129;-;-;KT
09.09.2016;1106;-0,90;1564;1729290;1090;1070;1129;-;-;KT
08.09.2016;1116;0,81;1386;1544612;1107;1107;1149;-;-;KT
07.09.2016;1107;0,91;292;319590;1080;1080;1135;-;-;KT
06.09.2016;1097;1,67;2319;2542206;1062;1062;1100;-;-;KT
05.09.2016;1079;0,28;589;634765;1051;1050;1090;-;-;KT
02.09.2016;1076;0,84;385;413293;1070;1070;1080;-;-;KT
01.09.2016;1067;1,23;1038;1107038;1054;1049;1078;-;-;KT
31.08.2016;1054;-0,09;118;123999;1016;1016;1060;-;-;KT
30.08.2016;1055;-1,59;1416;1493815;1057;1015;1061;-;-;KT
29.08.2016;1072;-0,56;463;495675;1067;1056;1080;-;-;KT
26.08.2016;1078;2,08;472;507168;1056;1044;1097;-;-;KT
25.08.2016;1056;1,44;644;675960;1033;1033;1068;-;-;KT
24.08.2016;1041;1,66;2180;2268192;1022;1022;1050;-;-;KT
23.08.2016;1024;-0,19;180;183555;1018;1018;1030;-;-;KT
22.08.2016;1026;0,79;993;1016779;1014;1004;1039;-;-;KT
19.08.2016;1018;0,59;98;99418;1012;1012;1030;-;-;KT
18.08.2016;1012;-2,97;25;25300;1012;1012;1012;-;-;KT
17.08.2016;1043;-0,19;340;355710;1049;1030;1049;-;-;KT
16.08.2016;1045;-0,38;1092;1140708;1021;1020;1046;-;-;KT
15.08.2016;1049;0,19;610;639540;1016;1016;1050;-;-;KT
12.08.2016;1047;-1,97;256;261019;1002;1002;1049;-;-;KT
11.08.2016;1068;6,91;494;517640;1000;1000;1098;-;-;KT
10.08.2016;999;4,83;1213;1206867;961;961;1099;-;-;KT
09.08.2016;953;-0,83;119;113824;961;950;970;-;-;KT
08.08.2016;961;-2,24;398;383905;983;950;990;-;-;KT
05.08.2016;983;-1,60;140;138230;990;970;990;-;-;KT
04.08.2016;999;0,50;567;565764;986;986;1000;-;-;KT
03.08.2016;994;-0,60;406;402879;981;980;1000;-;-;KT
02.08.2016;1000;0,30;11078;11076585;990;989;1000;-;-;KT
01.08.2016;997;-0,30;90;89460;982;982;1000;-;-;KT
29.07.2016;1000;-0,30;1148;1147602;1000;991;1003;-;-;KT
28.07.2016;1003;-0,89;1012;1015184;1003;999;1050;-;-;KT
27.07.2016;1012;2,53;693;695375;990;990;1050;-;-;KT
26.07.2016;987;0,92;1274;1256240;978;970;1000;-;-;KT
25.07.2016;978;0,41;909;889336;980;975;980;-;-;KT
22.07.2016;974;-0,10;398;387618;975;953;979;-;-;KT
21.07.2016;975;0,21;316;307033;960;948;980;-;-;KT
20.07.2016;973;2,64;313;301926;943;943;978;-;-;KT
19.07.2016;948;0,74;193;182647;936;936;976;-;-;KT
18.07.2016;941;-0,21;85;79084;927;927;943;-;-;KT
15.07.2016;943;3,63;751;705517;910;910;980;-;-;KT
14.07.2016;910;0,55;2425;2205459;905;905;920;-;-;KT
13.07.2016;905;0,22;498;450715;905;905;906;-;-;KT
12.07.2016;903;-0,22;130;117393;902;902;905;-;-;KT
11.07.2016;905;-0,55;99;89207;901;901;905;-;-;KT
08.07.2016;910;1,00;160;144585;902;902;914;-;-;KT
07.07.2016;901;-0,11;498;448403;900;900;901;-;-;KT
06.07.2016;902;0,56;209;188315;897;897;904;-;-;KT
05.07.2016;897;-0,77;152;136532;901;896;901;-;-;KT
04.07.2016;904;0,89;224;202003;900;900;915;-;-;KT
01.07.2016;896;-0,11;132;118181;888;888;900;-;-;KT
30.06.2016;897;0,22;63;56449;895;890;900;-;-;KT
29.06.2016;895;-0,78;279;248998;886;886;900;-;-;KT
28.06.2016;902;1,92;352;316859;885;885;906;-;-;KT
27.06.2016;885;-1,67;166;147032;898;884;898;-;-;KT
24.06.2016;900;0,00;152;136780;898;898;900;-;-;KT
23.06.2016;900;-0,33;993;893732;903;898;903;-;-;KT
22.06.2016;903;-0,33;88;79481;898;898;905;-;-;KT
21.06.2016;906;-0,98;221;200249;907;905;910;-;-;KT
20.06.2016;915;-0,11;5628;5150045;918;907;918;-;-;KT
17.06.2016;916;-0,54;25;22900;916;916;916;-;-;KT
16.06.2016;921;0,33;245;225276;918;918;924;-;-;KT
15.06.2016;918;0,88;395;361680;910;910;920;-;-;KT
14.06.2016;910;0,11;153;139103;907;907;910;-;-;KT
13.06.2016;909;-0,11;390;354785;910;906;915;-;-;KT
10.06.2016;910;0,44;98;88792;906;906;910;-;-;KT
09.06.2016;906;0,89;260;234661;898;898;922;-;-;KT
08.06.2016;898;0,00;140;125727;898;890;900;-;-;KT
07.06.2016;898;0,00;143;128321;885;885;900;-;-;KT
06.06.2016;898;-0,22;134;120201;884;884;900;-;-;KT
03.06.2016;900;0,11;3789;3409802;899;883;900;-;-;KT
02.06.2016;899;0,22;850;763749;882;882;920;-;-;KT
01.06.2016;897;0,56;666;596539;892;881;899;-;-;KT
31.05.2016;892;0,22;1121;999622;882;881;895;-;-;KT
30.05.2016;890;-0,56;112;99474;881;881;890;-;-;KT
27.05.2016;895;0,56;335;299501;893;893;895;-;-;KT
26.05.2016;890;-0,34;72;63937;882;882;890;-;-;KT
25.05.2016;893;0,34;209;186421;890;890;895;-;-;KT
24.05.2016;890;0,23;1524;1355546;882;882;890;-;-;KT
23.05.2016;888;0,34;122;108230;882;882;890;-;-;KT
20.05.2016;885;-0,56;9649;8539641;890;881;890;-;-;KT
19.05.2016;890;0,00;734;653125;883;883;890;-;-;KT
18.05.2016;890;-0,45;1324;1178240;885;885;890;-;-;KT
17.05.2016;894;-0,67;766;684784;885;885;895;-;-;KT
16.05.2016;900;0,33;1709;1536463;882;882;900;-;-;KT
13.05.2016;897;2,05;642;574489;871;871;900;-;-;KT
12.05.2016;879;0,69;705;619584;873;871;895;-;-;KT
11.05.2016;873;-0,68;68;59364;873;873;873;-;-;KT
10.05.2016;879;0,69;83;72854;873;873;883;-;-;KT
09.05.2016;873;-1,91;38;33149;871;871;880;-;-;KT
06.05.2016;890;0,79;1148;1021272;873;873;891;-;-;KT
05.05.2016;883;0,34;37;32585;880;880;885;-;-;KT
04.05.2016;880;-1,23;133;116945;873;873;881;-;-;KT
28.04.2016;891;1,25;101;89622;880;880;895;-;-;KT
27.04.2016;880;-1,68;96;84405;875;875;890;-;-;KT
26.04.2016;895;1,70;505;450993;879;879;903;-;-;KT
25.04.2016;880;0,11;189;166146;879;879;880;-;-;KT
22.04.2016;879;0,46;1077;948733;899;871;901;-;-;KT
21.04.2016;875;-2,78;324;283774;888;871;888;-;-;KT
20.04.2016;900;1,47;13072;11763038;892;885;900;-;-;KT
19.04.2016;887;-0,67;151;133736;881;881;900;-;-;KT
18.04.2016;893;1,02;78;69554;890;890;900;-;-;KT
15.04.2016;884;-1,89;856;756900;885;881;900;-;-;KT
14.04.2016;901;-0,22;103;92760;900;900;903;-;-;KT
13.04.2016;903;-0,88;4318;3898295;910;900;915;-;-;KT
12.04.2016;911;-0,11;76;69221;910;910;912;-;-;KT
11.04.2016;912;-1,41;147;134236;920;903;920;-;-;KT
08.04.2016;925;-0,64;173;160040;926;920;930;-;-;KT
07.04.2016;931;-0,96;5026;4678134;930;910;950;-;-;KT
06.04.2016;940;-1,26;12;11172;922;922;940;-;-;KT
05.04.2016;952;-0,73;597;568335;952;940;955;-;-;KT
04.04.2016;959;-0,10;39;37292;951;951;960;-;-;KT
01.04.2016;960;-0,10;139;133371;956;956;962;-;-;KT
31.03.2016;961;-0,10;272;261399;960;952;963;-;-;KT
30.03.2016;962;-0,21;2409;2316314;950;950;970;-;-;KT
29.03.2016;964;-0,21;145;139824;966;963;970;-;-;KT
28.03.2016;966;-1,33;49;47278;963;963;970;-;-;KT
25.03.2016;979;0,62;384;375701;971;970;980;-;-;KT
24.03.2016;973;-0,82;106;103081;971;971;974;-;-;KT
23.03.2016;981;0,72;805;787797;966;966;985;-;-;KT
22.03.2016;974;0,83;679;660172;963;961;980;-;-;KT
21.03.2016;966;0,62;339;327162;956;955;978;-;-;KT
18.03.2016;960;-0,52;345;331823;965;955;965;-;-;KT
17.03.2016;965;0,84;720;692576;947;947;979;-;-;KT
16.03.2016;957;2,24;5459;5222846;925;925;958;-;-;KT
15.03.2016;936;0,32;163;152487;933;905;940;-;-;KT
14.03.2016;933;-0,74;185;172249;930;930;940;-;-;KT
11.03.2016;940;1,18;5601;5262937;929;929;942;-;-;KT
10.03.2016;929;1,20;558;517875;920;920;931;-;-;KT
09.03.2016;918;-0,76;55;50292;903;903;922;-;-;KT
08.03.2016;925;0,00;549;507815;925;920;925;-;-;KT
07.03.2016;925;0,00;244;225700;925;925;925;-;-;KT
04.03.2016;925;0,43;2736;2529736;922;920;925;-;-;KT
03.03.2016;921;-0,11;522;480745;922;911;930;-;-;KT
02.03.2016;922;-1,07;272;251016;930;920;932;-;-;KT
01.03.2016;932;-0,32;113;105240;930;930;935;-;-;KT
29.02.2016;935;-0,74;148;137752;928;928;950;-;-;KT
26.02.2016;942;1,51;2033;1914028;928;922;970;-;-;KT
25.02.2016;928;-2,01;103;95223;915;915;950;-;-;KT
24.02.2016;947;3,38;751;705322;902;902;960;-;-;KT
23.02.2016;916;1,78;1754;1604780;902;902;945;-;-;KT
22.02.2016;900;-0,33;184;165630;900;900;903;-;-;KT
19.02.2016;903;0,33;642;579385;900;900;910;-;-;KT
18.02.2016;900;1,58;8138;7322997;864;864;900;-;-;KT
17.02.2016;886;-2,64;1033;915905;900;885;910;-;-;KT
12.02.2016;910;-1,83;601;546856;916;900;923;-;-;KT
11.02.2016;927;-0,11;61;56445;921;915;930;-;-;KT
10.02.2016;928;-0,32;241;223606;915;915;930;-;-;KT
09.02.2016;931;0,00;358;333144;921;921;938;-;-;KT
08.02.2016;931;-1,59;256;238387;930;930;946;-;-;KT
05.02.2016;946;-1,46;541;511728;950;930;960;-;-;KT
04.02.2016;960;-1,44;491;471725;972;950;972;-;-;KT
03.02.2016;974;-1,42;75;73005;973;973;980;-;-;KT
02.02.2016;988;-0,70;237;230631;968;968;999;-;-;KT
01.02.2016;995;4,96;1140;1126685;950;950;1000;-;-;KT
29.01.2016;948;2,16;1039;981088;919;919;974;-;-;KT
28.01.2016;928;2,32;215;197135;911;911;949;-;-;KT
27.01.2016;907;-0,44;243;220203;863;863;949;-;-;KT
26.01.2016;911;0,55;1219;1110329;906;906;925;-;-;KT
25.01.2016;906;-0,11;951;861906;890;890;910;-;-;KT
22.01.2016;907;-1,52;1447;1312416;921;890;921;-;-;KT
21.01.2016;921;-3,05;384;353716;921;915;950;-;-;KT
20.01.2016;950;-2,46;337;320250;920;920;970;-;-;KT
19.01.2016;974;-0,81;3458;3367338;960;951;980;-;-;KT
18.01.2016;982;-1,31;1222;1201553;992;955;1000;-;-;KT
15.01.2016;995;-1,29;1097;1091590;1007;981;1080;-;-;KT
14.01.2016;1008;-7,61;529;533248;980;980;1100;-;-;KT
13.01.2016;1091;-2,59;2181;2379915;1110;1020;1115;-;-;KT
12.01.2016;1120;0,45;185;206829;1110;1110;1125;-;-;KT
11.01.2016;1115;-0,62;193;217543;1133;1110;1133;-;-;KT
08.01.2016;1122;-0,97;99;110840;1112;1112;1135;-;-;KT
06.01.2016;1133;1,43;299;337844;1110;1110;1140;-;-;KT
05.01.2016;1117;0,36;42;46794;1110;1110;1140;-;-;KT
04.01.2016;1113;-3,47;69;76771;1110;1110;1140;-;-;KT
31.12.2015;1153;1,14;1442;1661759;1149;1111;1175;-;-;KT
30.12.2015;1140;1,24;748;852822;1140;1111;1142;-;-;KT
29.12.2015;1126;-0,79;1501;1686283;1105;1105;1139;-;-;KT
28.12.2015;1135;3,37;450;506596;1100;1100;1138;-;-;KT
25.12.2015;1098;1,67;1790;1963728;1072;1072;1138;-;-;KT
24.12.2015;1080;0,09;240;259137;1079;1075;1081;-;-;KT
23.12.2015;1079;-0,19;201;216559;1060;1060;1084;-;-;KT
22.12.2015;1081;-0,28;1797;1943214;1075;1060;1103;-;-;KT
21.12.2015;1084;-1,72;1226;1329771;1101;1080;1101;-;-;KT
18.12.2015;1103;0,09;90;99215;1101;1101;1110;-;-;KT
17.12.2015;1102;-2,39;341;375599;1100;1100;1103;-;-;KT
16.12.2015;1129;1,71;11377;12768725;1100;1100;1130;-;-;KT
15.12.2015;1110;0,27;503;558174;1106;1106;1115;-;-;KT
14.12.2015;1107;-0,09;321;355168;1106;1106;1110;-;-;KT
11.12.2015;1108;-0,36;186;205986;1107;1107;1110;-;-;KT
10.12.2015;1112;-0,27;105;116611;1107;1107;1119;-;-;KT
09.12.2015;1115;-1,15;242;270297;1120;1106;1120;-;-;KT
08.12.2015;1128;1,53;1262;1422288;1115;1115;1130;-;-;KT
07.12.2015;1111;-0,71;476;528229;1105;1105;1129;-;-;KT
04.12.2015;1119;1,27;295;328629;1105;1105;1130;-;-;KT
03.12.2015;1105;-1,07;7364;8135658;1117;1100;1130;-;-;KT
02.12.2015;1117;-1,15;923;1031416;1129;1100;1130;-;-;KT
01.12.2015;1130;-0,79;232;261935;1125;1125;1130;-;-;KT
30.11.2015;1139;0,09;388;440258;1127;1127;1146;-;-;KT
27.11.2015;1138;1,97;1503;1709691;1130;1125;1140;-;-;KT
26.11.2015;1116;-2,28;1029;1148219;1131;1100;1142;-;-;KT
25.11.2015;1142;-0,35;190;216856;1140;1130;1160;-;-;KT
24.11.2015;1146;0,44;642;735379;1141;1120;1160;-;-;KT
23.11.2015;1141;0,18;884;1008979;1138;1101;1150;-;-;KT
20.11.2015;1139;-0,52;2045;2330055;1140;1100;1146;-;-;KT
19.11.2015;1145;-0,26;956;1095408;1148;1140;1150;-;-;KT
18.11.2015;1148;-1,03;259;297092;1130;1130;1160;-;-;KT
17.11.2015;1160;1,13;85;98455;1147;1140;1175;-;-;KT
16.11.2015;1147;-2,55;495;568815;1170;1060;1185;-;-;KT
13.11.2015;1177;0,00;451;530372;1170;1170;1186;-;-;KT
12.11.2015;1177;0,00;89;104723;1186;1160;1187;-;-;KT
10.11.2015;1177;-0,84;906;1066152;1180;1161;1185;-;-;KT
09.11.2015;1187;0,00;787;933736;1152;1152;1188;-;-;KT
06.11.2015;1187;-0,08;541;641761;1181;1180;1189;-;-;KT
05.11.2015;1188;-0,17;309;366744;1181;1181;1189;-;-;KT
04.11.2015;1190;0,08;823;979136;1190;1185;1190;-;-;KT
03.11.2015;1189;-0,17;187;222343;1199;1185;1199;-;-;KT
02.11.2015;1191;-0,33;483;576003;1200;1186;1200;-;-;KT
30.10.2015;1195;-0,42;299;357305;1195;1195;1195;-;-;KT
29.10.2015;1200;-0,33;282;337813;1195;1195;1204;-;-;KT
28.10.2015;1204;0,33;500;601330;1195;1195;1220;-;-;KT
27.10.2015;1200;0,25;1172;1405532;1190;1190;1210;-;-;KT
26.10.2015;1197;-0,08;185;220962;1186;1186;1199;-;-;KT
23.10.2015;1198;-0,08;147;175997;1186;1186;1200;-;-;KT
22.10.2015;1199;-0,75;105;125980;1200;1199;1200;-;-;KT
21.10.2015;1208;0,75;252;302558;1200;1200;1210;-;-;KT
20.10.2015;1199;0,17;341;408430;1190;1190;1200;-;-;KT
19.10.2015;1197;-0,17;777;928647;1190;1190;1205;-;-;KT
16.10.2015;1199;-0,08;1063;1272610;1182;1182;1205;-;-;KT
15.10.2015;1200;1,52;230;276000;1200;1200;1200;-;-;KT
14.10.2015;1182;-2,39;176;209379;1210;1115;1211;-;-;KT
13.10.2015;1211;-1,46;180;217842;1210;1209;1225;-;-;KT
12.10.2015;1229;1,65;160;196273;1225;1225;1231;-;-;KT
09.10.2015;1209;-1,63;5163;6241751;1225;1200;1255;-;-;KT
08.10.2015;1229;-0,16;2838;3487853;1226;1226;1230;-;-;KT
07.10.2015;1231;0,08;3464;4263806;1229;1222;1231;-;-;KT
06.10.2015;1230;-0,40;163;200322;1227;1227;1230;-;-;KT
05.10.2015;1235;0,41;493;608636;1230;1225;1255;-;-;KT
02.10.2015;1230;-0,65;4510;5547928;1230;1225;1242;-;-;KT
01.10.2015;1238;-0,32;298;368836;1240;1221;1250;-;-;KT
30.09.2015;1242;-1,43;100;124117;1240;1240;1246;-;-;KT
29.09.2015;1260;1,12;2250;2834673;1250;1250;1265;-;-;KT
28.09.2015;1246;-1,58;1630;2031842;1252;1240;1272;-;-;KT
25.09.2015;1266;1,20;781;987236;1241;1241;1273;-;-;KT
24.09.2015;1251;0,56;6909;8655353;1260;1240;1260;-;-;KT
23.09.2015;1244;1,88;3957;4922308;1221;1221;1274;-;-;KT
22.09.2015;1221;-0,57;774;944945;1225;1211;1228;-;-;KT
21.09.2015;1228;-0,16;304;372966;1206;1206;1239;-;-;KT
18.09.2015;1230;0,74;774;950540;1221;1202;1239;-;-;KT
17.09.2015;1221;0,00;380;463504;1209;1201;1235;-;-;KT
16.09.2015;1221;-0,16;170;207385;1203;1203;1245;-;-;KT
15.09.2015;1223;-2,24;1461;1789377;1250;1210;1250;-;-;KT
14.09.2015;1251;0,08;336;419906;1244;1240;1260;-;-;KT
11.09.2015;1250;0,48;286;356849;1240;1240;1255;-;-;KT
10.09.2015;1244;0,16;271;336294;1230;1230;1255;-;-;KT
09.09.2015;1242;0,89;4400;5464668;1231;1231;1255;-;-;KT
08.09.2015;1231;-2,15;4879;6008850;1250;1230;1255;-;-;KT
07.09.2015;1258;0,24;1114;1400114;1250;1250;1260;-;-;KT
04.09.2015;1255;0,80;333;417434;1245;1245;1260;-;-;KT
03.09.2015;1245;-0,64;243;301188;1236;1236;1250;-;-;KT
02.09.2015;1253;2,12;1044;1306705;1249;1249;1260;-;-;KT
01.09.2015;1227;0,33;5626;6902214;1223;1223;1259;-;-;KT
31.08.2015;1223;0,16;6038;7381847;1215;1215;1253;-;-;KT
28.08.2015;1221;-0,73;1670;2039414;1226;1212;1250;-;-;KT
27.08.2015;1230;-0,32;5832;7176008;1230;1230;1253;-;-;KT
26.08.2015;1234;-0,56;326;402734;1241;1226;1253;-;-;KT
25.08.2015;1241;-0,96;2899;3597710;1260;1235;1270;-;-;KT
24.08.2015;1253;-1,65;1722;2159778;1270;1231;1271;-;-;KT
21.08.2015;1274;-0,93;375;477258;1270;1270;1280;-;-;KT
20.08.2015;1286;1,74;265;340202;1280;1280;1288;-;-;KT
19.08.2015;1264;-1,86;3572;4518700;1285;1260;1290;-;-;KT
18.08.2015;1288;0,23;889;1143871;1285;1285;1290;-;-;KT
17.08.2015;1285;0,16;2327;2988734;1280;1280;1290;-;-;KT
14.08.2015;1283;-0,47;2436;3125438;1281;1256;1290;-;-;KT
13.08.2015;1289;0,94;904;1163599;1278;1278;1290;-;-;KT
12.08.2015;1277;-0,08;434;554508;1278;1254;1290;-;-;KT
11.08.2015;1278;0,39;720;919216;1273;1251;1283;-;-;KT
10.08.2015;1273;1,76;346;438163;1251;1251;1281;-;-;KT
07.08.2015;1251;-0,71;1706;2133604;1250;1250;1260;-;-;KT
06.08.2015;1260;-1,64;12400;15628151;1290;1250;1315;-;-;KT
05.08.2015;1281;-0,77;773;991902;1291;1270;1291;-;-;KT
04.08.2015;1291;0,55;898;1160323;1300;1250;1306;-;-;KT
03.08.2015;1284;-1,68;1140;1465050;1300;1250;1315;-;-;KT
31.07.2015;1306;-0,68;702;917629;1310;1300;1319;-;-;KT
30.07.2015;1315;0,61;3983;5238733;1300;1300;1320;-;-;KT
29.07.2015;1307;-0,46;2461;3217886;1320;1300;1320;-;-;KT
28.07.2015;1313;-1,28;411;539850;1319;1300;1320;-;-;KT
27.07.2015;1330;-0,23;385;511956;1330;1329;1330;-;-;KT
24.07.2015;1333;-0,45;425;566632;1339;1311;1340;-;-;KT
23.07.2015;1339;-0,52;346;463480;1340;1310;1340;-;-;KT
22.07.2015;1346;0,15;350;470671;1340;1340;1349;-;-;KT
21.07.2015;1344;-0,15;455;611092;1340;1332;1350;-;-;KT
20.07.2015;1346;1,05;670;899061;1330;1330;1350;-;-;KT
17.07.2015;1332;0,15;1042;1388014;1330;1330;1348;-;-;KT
16.07.2015;1330;-0,45;948;1259873;1325;1325;1350;-;-;KT
15.07.2015;1336;0,83;632;838863;1304;1304;1350;-;-;KT
14.07.2015;1325;2,40;833;1095078;1281;1281;1342;-;-;KT
13.07.2015;1294;2,13;1311;1694465;1260;1260;1330;-;-;KT
10.07.2015;1267;-0,31;877;1110747;1260;1234;1289;-;-;KT
09.07.2015;1271;1,76;698;883812;1249;1249;1290;-;-;KT
08.07.2015;1249;1,30;927;1154040;1222;1222;1262;-;-;KT
07.07.2015;1233;0,90;396;485710;1220;1203;1245;-;-;KT
06.07.2015;1222;0,91;829;1009367;1200;1200;1230;-;-;KT
03.07.2015;1211;-1,54;1252;1519995;1230;1210;1230;-;-;KT
02.07.2015;1230;0,65;2096;2577049;1221;1221;1230;-;-;KT
01.07.2015;1222;-2,08;799;975974;1221;1212;1248;-;-;KT
30.06.2015;1248;-1,27;679;853187;1264;1245;1264;-;-;KT
29.06.2015;1264;-0,08;415;524206;1253;1250;1290;-;-;KT
26.06.2015;1265;-0,63;194;244946;1253;1253;1295;-;-;KT
25.06.2015;1273;1,03;1379;1753091;1260;1260;1294;-;-;KT
24.06.2015;1260;0,40;780;981157;1252;1252;1295;-;-;KT
23.06.2015;1255;0,24;226;282539;1241;1240;1270;-;-;KT
22.06.2015;1252;-1,42;2604;3260228;1261;1250;1300;-;-;KT
19.06.2015;1270;0,24;394;499751;1260;1260;1296;-;-;KT
18.06.2015;1267;-0,24;5537;7022670;1285;1250;1299;-;-;KT
17.06.2015;1270;-1,09;9559;12147608;1300;1270;1309;-;-;KT
16.06.2015;1284;-1,91;6334;8135214;1302;1280;1320;-;-;KT
15.06.2015;1309;-1,58;340;445598;1320;1300;1330;-;-;KT
12.06.2015;1330;-0,89;297;393633;1310;1310;1348;-;-;KT
11.06.2015;1342;2,21;623;835161;1310;1310;1349;-;-;KT
10.06.2015;1313;-1,35;1349;1772382;1321;1310;1348;-;-;KT
09.06.2015;1331;0,53;1408;1872479;1303;1302;1340;-;-;KT
08.06.2015;1324;-0,30;405;534169;1300;1300;1348;-;-;KT
05.06.2015;1328;1,53;1040;1381578;1330;1305;1348;-;-;KT
04.06.2015;1308;-1,88;1328;1735909;1305;1300;1325;-;-;KT
03.06.2015;1333;0,91;2567;3420385;1321;1320;1349;-;-;KT
02.06.2015;1321;-2,44;430;567316;1301;1301;1339;-;-;KT
01.06.2015;1354;0,89;1923;2605662;1355;1354;1355;-;-;KT
29.05.2015;1342;-1,32;174;232313;1301;1301;1346;-;-;KT
28.05.2015;1360;1,04;9650;13121790;1350;1350;1360;-;-;KT
27.05.2015;1346;-1,17;285;384034;1362;1300;1362;-;-;KT
26.05.2015;1362;-0,15;769;1047308;1355;1350;1369;-;-;KT
25.05.2015;1364;-0,37;768;1047761;1369;1350;1370;-;-;KT
22.05.2015;1369;-1,58;1100;1507158;1391;1350;1391;-;-;KT
21.05.2015;1391;0,65;1728;2403489;1382;1370;1409;-;-;KT
20.05.2015;1382;-1,50;1829;2528065;1380;1370;1400;-;-;KT
19.05.2015;1403;-0,85;528;735803;1378;1377;1410;-;-;KT
18.05.2015;1415;2,76;819;1155298;1377;1377;1429;-;-;KT
15.05.2015;1377;-1,29;12584;17321863;1350;1350;1395;-;-;KT
14.05.2015;1395;4,42;3963;5528995;1394;1380;1401;-;-;KT
13.05.2015;1336;3,57;2726;3630684;1300;1300;1390;-;-;KT
12.05.2015;1290;2,71;4197;5412041;1260;1260;1300;-;-;KT
11.05.2015;1256;-1,10;546;686482;1260;1250;1275;-;-;KT
08.05.2015;1270;0,79;2484;3147859;1235;1235;1289;-;-;KT
07.05.2015;1260;2,27;23805;29989877;1250;1227;1263;-;-;KT
06.05.2015;1232;-2,45;2203;2714442;1245;1215;1263;-;-;KT
05.05.2015;1263;1,20;572;721248;1247;1245;1289;-;-;KT
04.05.2015;1248;-1,65;423;524153;1231;1231;1290;-;-;KT
30.04.2015;1269;3,51;1637;2069683;1211;1210;1290;-;-;KT
29.04.2015;1226;1,07;1341;1639845;1200;1200;1230;-;-;KT
28.04.2015;1213;0,58;11943;14492791;1214;1200;1260;-;-;KT
27.04.2015;1206;-0,66;3105;3743974;1201;1192;1250;-;-;KT
24.04.2015;1214;1,85;4147;5030007;1200;1200;1230;-;-;KT
23.04.2015;1192;-2,38;996;1187061;1190;1151;1220;-;-;KT
22.04.2015;1221;-1,53;2440;2981125;1240;1200;1260;-;-;KT
21.04.2015;1240;-5,05;3345;4147737;1259;1200;1290;-;-;KT
20.04.2015;1306;-1,36;750;981446;1320;1265;1359;-;-;KT
17.04.2015;1324;-5,02;11269;15108061;1417;1307;1417;-;-;KT
16.04.2015;1394;0,07;13733;19221205;1488;1390;1488;-;-;KT
15.04.2015;1393;7,82;14677;20422626;1300;1300;1420;-;-;KT
14.04.2015;1292;3,36;5922;7620863;1250;1246;1375;-;-;KT
09.04.2015;1250;3,48;16601;20734072;1203;1203;1258;-;-;KT
08.04.2015;1208;5,59;6944;8365284;1148;1148;1235;-;-;KT
07.04.2015;1144;4,95;5261;5998427;1100;1100;1198;-;-;KT
06.04.2015;1090;-0,73;4032;4395648;1080;1080;1120;-;-;KT
03.04.2015;1098;1,29;3603;3942988;1065;1065;1120;-;-;KT
02.04.2015;1084;2,46;1591;1712033;1043;1043;1098;-;-;KT
01.04.2015;1058;2,42;1267;1328634;1033;1030;1100;-;-;KT
31.03.2015;1033;0,49;1875;1934280;1010;1010;1040;-;-;KT
30.03.2015;1028;0,00;392;401981;1021;1021;1030;-;-;KT
27.03.2015;1028;-0,29;1014;1038032;1015;1015;1031;-;-;KT
26.03.2015;1031;1,08;332;340279;1020;1011;1100;-;-;KT
25.03.2015;1020;0,89;22488;22935006;1011;1011;1030;-;-;KT
24.03.2015;1011;0,90;1302;1311611;1002;1002;1020;-;-;KT
23.03.2015;1002;0,00;623;623930;1000;1000;1005;-;-;KT
20.03.2015;1002;0,00;753;753093;998;998;1002;-;-;KT
19.03.2015;1002;0,60;474;474047;996;996;1010;-;-;KT
18.03.2015;996;-0,80;492;489148;991;991;1004;-;-;KT
17.03.2015;1004;1,01;5298;5317444;994;972;1015;-;-;KT
16.03.2015;994;-0,40;730;724810;990;990;1000;-;-;KT
13.03.2015;998;0,30;2658;2649401;985;985;1005;-;-;KT
12.03.2015;995;0,71;1581;1572337;988;988;1000;-;-;KT
11.03.2015;988;-0,90;331;326490;975;975;990;-;-;KT
10.03.2015;997;0,71;1072;1067986;981;961;1000;-;-;KT
09.03.2015;990;-1,30;10106;10006550;1003;990;1003;-;-;KT
06.03.2015;1003;1,01;10621;10651183;970;970;1005;-;-;KT
05.03.2015;993;-1,59;916;908488;982;982;995;-;-;KT
04.03.2015;1009;1,71;2995;3009432;1000;1000;1020;-;-;KT
03.03.2015;992;3,44;4587;4529443;961;961;1017;-;-;KT
02.03.2015;959;-0,21;704;674463;956;956;970;-;-;KT
27.02.2015;961;0,42;1898;1820681;950;950;964;-;-;KT
26.02.2015;957;0,10;3445;3294404;945;945;961;-;-;KT
25.02.2015;956;0,63;5235;5003186;946;946;957;-;-;KT
24.02.2015;950;0,00;2386;2265472;945;945;950;-;-;KT
23.02.2015;950;0,00;1267;1203937;950;950;955;-;-;KT
20.02.2015;950;-0,11;675;641485;951;945;951;-;-;KT
19.02.2015;951;-0,63;1079;1025925;950;950;960;-;-;KT
18.02.2015;957;0,84;1297;1236873;950;950;960;-;-;KT
13.02.2015;949;0,00;1101;1045465;950;946;957;-;-;KT
12.02.2015;949;-0,21;411;389554;940;940;951;-;-;KT
11.02.2015;951;-0,63;457;434740;957;940;957;-;-;KT
10.02.2015;957;0,63;7115;6803656;940;940;960;-;-;KT
09.02.2015;951;-0,52;2739;2604259;950;950;955;-;-;KT
06.02.2015;956;0,10;402;383216;950;950;958;-;-;KT
05.02.2015;955;-0,52;221;210592;951;951;955;-;-;KT
04.02.2015;960;-0,31;532;510042;955;955;962;-;-;KT
03.02.2015;963;0,10;1584;1523593;955;955;968;-;-;KT
02.02.2015;962;0,42;2344;2252611;950;950;962;-;-;KT
30.01.2015;958;-0,62;4758;4557197;950;950;960;-;-;KT
29.01.2015;964;-0,31;1198;1154885;966;951;970;-;-;KT
28.01.2015;967;-0,10;1471;1419261;960;960;967;-;-;KT
27.01.2015;968;-0,72;341;328146;961;960;970;-;-;KT
26.01.2015;975;1,88;10954;10672484;957;957;975;-;-;KT
23.01.2015;957;-0,31;379;361892;951;951;960;-;-;KT
22.01.2015;960;0,52;314;300689;955;955;960;-;-;KT
21.01.2015;955;-0,52;324;310323;960;947;960;-;-;KT
20.01.2015;960;1,37;3329;3195689;950;950;970;-;-;KT
19.01.2015;947;-3,17;571;540534;945;940;960;-;-;KT
16.01.2015;978;3,49;10712;10471561;945;945;980;-;-;KT
15.01.2015;945;1,83;1320;1245521;940;940;951;-;-;KT
14.01.2015;928;-0,54;1282;1191052;933;925;935;-;-;KT
13.01.2015;933;0,76;1530;1426636;922;920;940;-;-;KT
12.01.2015;926;-0,75;241;222898;916;916;928;-;-;KT
09.01.2015;933;0,54;240;223567;924;924;936;-;-;KT
08.01.2015;928;-0,85;95;87944;911;911;930;-;-;KT
06.01.2015;936;0,65;134;125096;911;911;942;-;-;KT
05.01.2015;930;-1,27;25;22914;902;902;940;-;-;KT
31.12.2014;942;-0,84;56;52604;935;935;945;-;-;KT
30.12.2014;950;-0,11;1989;1889566;950;948;951;-;-;KT
29.12.2014;951;-0,42;1972;1875289;951;950;959;-;-;KT
26.12.2014;955;0,10;580;553319;950;950;960;-;-;KT
25.12.2014;954;-0,62;375;357671;950;950;960;-;-;KT
24.12.2014;960;-1,34;289;275098;951;951;960;-;-;KT
23.12.2014;973;0,41;3267;3174065;960;938;975;-;-;KT
22.12.2014;969;6,95;818;769382;906;906;970;-;-;KT
19.12.2014;906;0,78;1671;1510856;899;899;950;-;-;KT
18.12.2014;899;-0,33;3051;2745535;902;899;905;-;-;KT
17.12.2014;902;-7,49;188;169546;900;878;950;-;-;KT
16.12.2014;975;-0,41;15109;14725653;975;965;978;-;-;KT
15.12.2014;979;-0,41;778;762045;983;970;983;-;-;KT
12.12.2014;983;0,10;1236;1214302;970;970;985;-;-;KT
11.12.2014;982;0,00;1039;1020649;982;969;986;-;-;KT
10.12.2014;982;-1,21;251;247602;994;970;994;-;-;KT
09.12.2014;994;-1,97;1819;1808286;1004;980;1004;-;-;KT
08.12.2014;1014;-1,27;617;628901;1027;1004;1027;-;-;KT
05.12.2014;1027;-0,10;912;927081;1009;1009;1050;-;-;KT
04.12.2014;1028;5,01;13196;13536502;980;980;1030;-;-;KT
03.12.2014;979;3,05;9528;9308814;950;950;1030;-;-;KT
02.12.2014;950;1,39;2987;2830875;936;930;955;-;-;KT
01.12.2014;937;2,63;1146;1058875;910;910;950;-;-;KT
28.11.2014;913;1,56;2712;2464733;891;891;920;-;-;KT
27.11.2014;899;3,21;24909;22384150;871;871;900;-;-;KT
26.11.2014;871;0,58;599;520754;866;866;889;-;-;KT
25.11.2014;866;-0,35;478;411996;860;860;869;-;-;KT
24.11.2014;869;2,00;39531;34371018;845;845;870;-;-;KT
21.11.2014;852;-0,23;1230;1047768;850;850;860;-;-;KT
20.11.2014;854;0,12;2097;1790546;853;853;855;-;-;KT
19.11.2014;853;-1,27;5647;4815975;853;852;860;-;-;KT
18.11.2014;864;0,58;6271;5417227;851;851;870;-;-;KT
17.11.2014;859;1,06;2432;2089080;854;851;860;-;-;KT
14.11.2014;850;-0,47;1578;1342071;851;850;854;-;-;KT
13.11.2014;854;0,71;843;717728;850;850;857;-;-;KT
12.11.2014;848;0,47;2501;2120303;843;843;850;-;-;KT
10.11.2014;844;0,60;682;575078;839;839;848;-;-;KT
07.11.2014;839;-0,36;2443;2048285;837;830;848;-;-;KT
06.11.2014;842;1,81;2070;1736365;830;826;847;-;-;KT
05.11.2014;827;0,12;757;626394;828;826;830;-;-;KT
04.11.2014;826;-0,24;561;463950;830;825;835;-;-;KT
03.11.2014;828;-1,19;527;437325;835;825;838;-;-;KT
31.10.2014;838;-0,24;47;39165;830;830;840;-;-;KT
30.10.2014;840;-0,94;109;91560;840;840;840;-;-;KT
29.10.2014;848;0,36;621;525972;845;845;850;-;-;KT
28.10.2014;845;-0,59;50;42169;842;842;848;-;-;KT
27.10.2014;850;-0,35;4729;4018082;826;826;850;-;-;KT
24.10.2014;853;0,71;3595;3064423;841;841;855;-;-;KT
23.10.2014;847;-0,94;163;137885;831;831;850;-;-;KT
22.10.2014;855;0,59;2103;1798976;831;831;865;-;-;KT
21.10.2014;850;-0,35;385;327115;835;835;850;-;-;KT
20.10.2014;853;-0,47;2352;2004486;841;841;865;-;-;KT
17.10.2014;857;1,54;3134;2683851;844;844;860;-;-;KT
16.10.2014;844;-0,94;196;164309;838;838;850;-;-;KT
15.10.2014;852;2,77;9410;8011640;830;830;855;-;-;KT
14.10.2014;829;0,00;2572;2131772;829;826;840;-;-;KT
13.10.2014;829;-2,13;1554;1287868;831;825;840;-;-;KT
10.10.2014;847;0,83;5544;4693171;830;830;850;-;-;KT
09.10.2014;840;1,33;144;120486;835;835;840;-;-;KT
08.10.2014;829;-2,01;4470;3707854;840;826;841;-;-;KT
07.10.2014;846;-0,47;1311;1110820;850;840;869;-;-;KT
06.10.2014;850;0,00;7650;6504725;850;842;870;-;-;KT
03.10.2014;850;0,00;2231;1896400;850;849;859;-;-;KT
02.10.2014;850;0,00;342;290159;831;831;860;-;-;KT
01.10.2014;850;0,35;1342;1140700;850;850;850;-;-;KT
30.09.2014;847;-1,85;3585;3035597;833;833;865;-;-;KT
29.09.2014;863;-0,23;1976;1704023;828;828;865;-;-;KT
26.09.2014;865;2,00;4919;4248838;840;840;870;-;-;KT
25.09.2014;848;6,13;5096;4306707;825;825;870;-;-;KT
24.09.2014;799;1,91;3897;3108342;790;786;801;-;-;KT
23.09.2014;784;4,12;2841;2202917;760;760;785;-;-;KT
22.09.2014;753;2,31;702;528351;736;730;762;-;-;KT
19.09.2014;736;-1,74;2001;1473857;745;715;751;-;-;KT
18.09.2014;749;-0,27;515;385581;745;745;754;-;-;KT
17.09.2014;751;-0,40;805;604616;750;750;755;-;-;KT
16.09.2014;754;0,00;95;71630;754;754;754;-;-;KT
15.09.2014;754;-1,05;213;160265;750;750;757;-;-;KT
12.09.2014;762;1,06;2153;1632874;741;741;765;-;-;KT
11.09.2014;754;2,31;2302;1734400;730;730;760;-;-;KT
10.09.2014;737;-1,47;2251;1658863;715;715;748;-;-;KT
09.09.2014;748;2,47;2115;1578893;740;730;750;-;-;KT
08.09.2014;730;0,69;2337;1705505;725;706;740;-;-;KT
05.09.2014;725;1,40;617;446364;715;715;730;-;-;KT
04.09.2014;715;-2,05;340;243135;715;712;725;-;-;KT
03.09.2014;730;2,53;2610;1902600;712;712;735;-;-;KT
02.09.2014;712;-4,81;416;301210;735;712;735;-;-;KT
01.09.2014;748;1,77;1120;837760;748;748;748;-;-;KT
29.08.2014;735;-2,00;37;27345;740;735;740;-;-;KT
28.08.2014;750;-0,53;1078;801930;727;727;750;-;-;KT
27.08.2014;754;4,58;14265;10752913;720;720;785;-;-;KT
26.08.2014;721;3,15;13416;9657818;700;700;750;-;-;KT
25.08.2014;699;5,59;5851;4081231;675;675;700;-;-;KT
22.08.2014;662;3,28;2785;1840374;650;650;670;-;-;KT
21.08.2014;641;-0,77;528;338441;641;640;650;-;-;KT
20.08.2014;646;0,94;917;591092;640;632;650;-;-;KT
19.08.2014;640;1,59;1435;915441;627;627;650;-;-;KT
18.08.2014;630;2,44;1312;821691;615;615;631;-;-;KT
15.08.2014;615;0,00;90;55238;605;605;620;-;-;KT
14.08.2014;615;-2,54;486;302025;630;615;630;-;-;KT
13.08.2014;631;1,77;1264;795690;625;620;635;-;-;KT
12.08.2014;620;0,65;1029;637768;617;617;623;-;-;KT
11.08.2014;616;-1,12;525;324375;620;615;620;-;-;KT
08.08.2014;623;0,48;2010;1247670;620;620;623;-;-;KT
07.08.2014;620;0,00;369;228568;601;601;620;-;-;KT
06.08.2014;620;-3,73;6;3695;615;615;620;-;-;KT
05.08.2014;644;0,16;1426;917978;643;640;645;-;-;KT
04.08.2014;643;0,31;2486;1596467;632;632;645;-;-;KT
01.08.2014;641;1,58;12746;8171107;631;631;650;-;-;KT
31.07.2014;631;1,77;685;427037;615;615;648;-;-;KT
30.07.2014;620;0,81;356;218965;615;615;620;-;-;KT
29.07.2014;615;0,99;2640;1622668;605;605;630;-;-;KT
28.07.2014;609;0,16;899;546676;605;605;635;-;-;KT
25.07.2014;608;0,50;1989;1208720;604;604;610;-;-;KT
24.07.2014;605;0,00;387;233463;603;603;605;-;-;KT
23.07.2014;605;0,50;1384;836042;602;602;605;-;-;KT
22.07.2014;602;0,50;4581;2757011;596;596;605;-;-;KT
21.07.2014;599;1,87;1453;867814;591;591;599;-;-;KT
18.07.2014;588;-0,51;1256;739901;591;585;597;-;-;KT
17.07.2014;591;0,17;2147;1268583;590;590;595;-;-;KT
16.07.2014;590;0,00;1661;979933;590;589;591;-;-;KT
15.07.2014;590;0,17;575;338804;589;589;590;-;-;KT
14.07.2014;589;0,00;460;270645;588;588;589;-;-;KT
11.07.2014;589;0,17;421;247329;586;586;590;-;-;KT
10.07.2014;588;0,34;1303;761747;584;584;590;-;-;KT
09.07.2014;586;1,03;1063;620558;580;580;588;-;-;KT
08.07.2014;580;0,00;813;471993;581;576;581;-;-;KT
07.07.2014;580;-0,17;808;468785;581;580;581;-;-;KT
04.07.2014;581;-1,19;1328;771623;588;580;588;-;-;KT
03.07.2014;588;-0,34;954;557356;577;577;591;-;-;KT
02.07.2014;590;2,61;1943;1138934;580;580;590;-;-;KT
01.07.2014;575;0,00;242;138429;570;570;575;-;-;KT
30.06.2014;575;-0,69;467;269257;579;573;579;-;-;KT
27.06.2014;579;1,05;2639;1527637;572;572;590;-;-;KT
26.06.2014;573;-0,17;975;558151;572;572;574;-;-;KT
25.06.2014;574;0,00;139;79555;572;572;574;-;-;KT
24.06.2014;574;-0,52;751;430823;573;572;575;-;-;KT
23.06.2014;577;0,70;65575;37834793;573;573;577;-;-;KT
20.06.2014;573;0,17;289;165451;572;572;575;-;-;KT
19.06.2014;572;-0,87;305;174426;570;570;577;-;-;KT
18.06.2014;577;-2,37;553;320997;590;575;590;-;-;KT
17.06.2014;591;1,37;539;318060;590;590;591;-;-;KT
16.06.2014;583;-1,19;165;96310;586;560;586;-;-;KT
13.06.2014;590;-0,84;914;539151;585;585;590;-;-;KT
12.06.2014;595;-0,67;1134;674050;590;590;595;-;-;KT
11.06.2014;599;0,17;742;444235;598;582;600;-;-;KT
10.06.2014;598;0,50;2353;1406339;581;581;600;-;-;KT
09.06.2014;595;0,68;1423;846332;585;585;600;-;-;KT
06.06.2014;591;0,00;594;351022;591;585;591;-;-;KT
05.06.2014;591;-1,50;54;31860;585;585;595;-;-;KT
04.06.2014;600;-0,33;944;566400;600;600;600;-;-;KT
03.06.2014;602;-0,50;445;267180;600;600;604;-;-;KT
02.06.2014;605;0,83;912;551203;604;604;610;-;-;KT
30.05.2014;600;-0,83;446;268076;605;595;605;-;-;KT
29.05.2014;605;1,17;46838;28327363;577;577;605;-;-;KT
28.05.2014;598;5,47;111354;66538130;551;551;600;-;-;KT
27.05.2014;567;1,25;1121;632819;550;549;570;-;-;KT
26.05.2014;560;2,00;939;523707;549;542;566;-;-;KT
23.05.2014;549;1,29;993;540422;536;535;559;-;-;KT
22.05.2014;542;1,31;199;107541;540;536;545;-;-;KT
21.05.2014;535;-2,37;338;179472;530;530;545;-;-;KT
20.05.2014;548;3,59;161;86018;530;530;549;-;-;KT
19.05.2014;529;-5,37;124;65600;523;523;550;-;-;KT
16.05.2014;559;-2,27;110;62126;572;541;572;-;-;KT
15.05.2014;572;-1,89;594;339374;571;571;572;-;-;KT
14.05.2014;583;2,64;2284;1325888;568;566;589;-;-;KT
13.05.2014;568;0,35;1946;1103978;561;561;575;-;-;KT
12.05.2014;566;0,00;393;222114;560;560;570;-;-;KT
09.05.2014;566;-0,88;516;292056;566;566;566;-;-;KT
08.05.2014;571;1,24;15233;8694000;564;564;575;-;-;KT
07.05.2014;564;-1,23;562;317022;564;563;565;-;-;KT
06.05.2014;571;1,96;5631;3204545;553;550;575;-;-;KT
05.05.2014;560;1,27;904;505529;557;557;560;-;-;KT
30.04.2014;553;-2,47;441;245713;560;550;560;-;-;KT
29.04.2014;567;2,72;24031;13633969;550;550;570;-;-;KT
28.04.2014;552;-1,08;180;99035;540;540;557;-;-;KT
25.04.2014;558;-0,18;1256;700018;556;555;559;-;-;KT
24.04.2014;559;0,00;675;375066;555;555;560;-;-;KT
23.04.2014;559;1,27;4147;2311863;552;552;568;-;-;KT
22.04.2014;552;0,91;4241;2336573;550;550;559;-;-;KT
17.04.2014;547;-0,18;2102;1149387;544;542;548;-;-;KT
16.04.2014;548;2,62;6588;3599901;538;530;549;-;-;KT
15.04.2014;534;-0,74;510;271332;530;527;534;-;-;KT
14.04.2014;538;0,75;1833;982808;520;520;545;-;-;KT
11.04.2014;534;1,14;927;490094;521;521;540;-;-;KT
10.04.2014;528;1,93;2768;1454797;518;516;530;-;-;KT
09.04.2014;518;0,39;712;366988;510;510;520;-;-;KT
08.04.2014;516;-0,58;852;439215;515;515;527;-;-;KT
07.04.2014;519;0,78;1836;947800;510;510;527;-;-;KT
04.04.2014;515;0,98;454;231928;510;510;515;-;-;KT
03.04.2014;510;-0,97;881;449146;510;508;515;-;-;KT
02.04.2014;515;0,98;1354;695135;510;508;523;-;-;KT
01.04.2014;510;-0,39;358;181712;500;500;512;-;-;KT
31.03.2014;512;-2,85;751;383810;500;500;520;-;-;KT
28.03.2014;527;-2,41;764;403972;530;525;530;-;-;KT
27.03.2014;540;0,93;437;234797;536;536;540;-;-;KT
26.03.2014;535;-2,37;1394;748145;548;530;548;-;-;KT
25.03.2014;548;2,62;9758;5349062;528;520;550;-;-;KT
24.03.2014;534;-0,93;735;391547;528;528;536;-;-;KT
21.03.2014;539;0,56;888;478392;536;530;542;-;-;KT
20.03.2014;536;-2,37;263;142414;549;531;549;-;-;KT
19.03.2014;549;1,48;7702;4223522;540;540;559;-;-;KT
18.03.2014;541;-0,18;988;532956;528;528;549;-;-;KT
17.03.2014;542;-0,18;3914;2121799;543;528;550;-;-;KT
14.03.2014;543;-0,91;238;128525;540;540;543;-;-;KT
13.03.2014;548;-0,36;1066;581771;535;535;550;-;-;KT
12.03.2014;550;0,00;1187;653044;550;545;551;-;-;KT
11.03.2014;550;-0,18;1202;661000;550;545;550;-;-;KT
10.03.2014;551;-2,99;920;506920;551;551;551;-;-;KT
07.03.2014;568;3,27;2873;1613052;550;550;570;-;-;KT
06.03.2014;550;4,17;24962;13701865;526;526;550;-;-;KT
05.03.2014;528;0,96;1953;1028188;525;525;545;-;-;KT
04.03.2014;523;-0,57;2636;1375970;520;520;526;-;-;KT
03.03.2014;526;0,57;3114;1632199;520;520;540;-;-;KT
28.02.2014;523;2,15;9417;4912656;512;509;525;-;-;KT
27.02.2014;512;0,00;948;484625;511;511;512;-;-;KT
26.02.2014;512;0,79;1313;671777;510;510;512;-;-;KT
25.02.2014;508;-2,68;829;424873;522;505;522;-;-;KT
24.02.2014;522;-0,19;705;365099;514;514;523;-;-;KT
21.02.2014;523;1,75;7707;4025598;511;511;523;-;-;KT
20.02.2014;514;0,00;1683;863490;510;507;520;-;-;KT
19.02.2014;514;1,38;3918;2009739;507;504;515;-;-;KT
18.02.2014;507;0,20;1497;758482;506;506;507;-;-;KT
14.02.2014;506;0,00;795;402218;506;505;506;-;-;KT
13.02.2014;506;1,20;1497;757459;500;500;510;-;-;KT
12.02.2014;500;-1,19;214;106830;492;492;504;-;-;KT
11.02.2014;506;0,20;705;355924;502;501;507;-;-;KT
10.02.2014;505;-0,39;1893;957099;507;500;509;-;-;KT
07.02.2014;507;-0,39;748;378441;504;504;507;-;-;KT
06.02.2014;509;0,39;807;408168;504;504;511;-;-;KT
05.02.2014;507;0,60;1150;582097;504;504;509;-;-;KT
04.02.2014;504;-0,79;833;417903;501;501;506;-;-;KT
03.02.2014;508;1,80;994;501434;501;501;509;-;-;KT
31.01.2014;499;1,63;1131;563588;491;491;503;-;-;KT
30.01.2014;491;-2,00;144;70704;491;491;491;-;-;KT
29.01.2014;501;0,60;1087;544399;485;485;507;-;-;KT
28.01.2014;498;-0,60;522;259928;492;480;500;-;-;KT
27.01.2014;501;-1,57;505;254011;505;490;505;-;-;KT
24.01.2014;509;0,39;939;478502;510;506;511;-;-;KT
23.01.2014;507;-3,43;385;197934;525;506;525;-;-;KT
22.01.2014;525;0,00;1698;886267;515;515;525;-;-;KT
21.01.2014;525;1,94;6616;3466765;515;510;525;-;-;KT
20.01.2014;515;0,19;629;323523;503;503;534;-;-;KT
17.01.2014;514;-0,58;1579;812974;517;502;520;-;-;KT
16.01.2014;517;0,39;7474;3856957;505;504;517;-;-;KT
15.01.2014;515;2,18;109261;56258256;502;502;518;-;-;KT
14.01.2014;504;0,80;2095;1051382;495;491;515;-;-;KT
13.01.2014;500;1,83;514;256170;495;495;501;-;-;KT
10.01.2014;491;-2,00;310;150758;486;486;495;-;-;KT
09.01.2014;501;3,09;11688;5856168;487;486;510;-;-;KT
08.01.2014;486;-1,62;575;280230;494;480;494;-;-;KT
06.01.2014;494;1,86;305;150466;489;489;495;-;-;KT
03.01.2014;485;-0,82;439;212579;480;480;485;-;-;KT
31.12.2013;489;0,82;3053;1491156;485;480;495;-;-;KT
30.12.2013;485;0,41;895;433955;485;484;489;-;-;KT
27.12.2013;483;-0,21;606;292156;480;480;489;-;-;KT
26.12.2013;484;-0,21;516;249497;476;476;485;-;-;KT
25.12.2013;485;-0,82;731;353607;481;481;485;-;-;KT
24.12.2013;489;0,82;1456;707816;485;485;489;-;-;KT
23.12.2013;485;1,04;1167;563874;480;480;489;-;-;KT
20.12.2013;480;0,00;206;98879;480;479;480;-;-;KT
19.12.2013;480;-1,03;107;51288;477;477;480;-;-;KT
18.12.2013;485;-0,82;595;284954;475;475;489;-;-;KT
17.12.2013;489;-0,20;1347;658486;486;486;490;-;-;KT
16.12.2013;490;0,00;418;204540;486;486;490;-;-;KT
13.12.2013;490;-1,01;613;300711;495;480;495;-;-;KT
12.12.2013;495;1,02;9883;4888345;483;483;495;-;-;KT
11.12.2013;490;0,00;605;296500;490;483;495;-;-;KT
10.12.2013;490;0,20;2161;1058731;490;486;491;-;-;KT
09.12.2013;489;0,82;2130;1039921;486;486;490;-;-;KT
06.12.2013;485;0,62;818;395719;483;483;486;-;-;KT
05.12.2013;482;0,00;675;325437;482;482;488;-;-;KT
04.12.2013;482;0,00;1027;494697;481;480;488;-;-;KT
03.12.2013;482;0,21;930;447668;479;479;488;-;-;KT
02.12.2013;481;-0,41;157;75481;477;477;483;-;-;KT
29.11.2013;483;-3,21;157;75525;481;481;483;-;-;KT
28.11.2013;499;2,25;44853;22389878;476;476;500;-;-;KT
27.11.2013;488;2,52;8741;4268681;475;475;489;-;-;KT
26.11.2013;476;-0,83;98;46648;476;475;480;-;-;KT
25.11.2013;480;-2,04;1228;589491;485;470;485;-;-;KT
22.11.2013;490;-0,41;241;118330;491;490;491;-;-;KT
21.11.2013;492;0,20;900;442505;491;491;492;-;-;KT
20.11.2013;491;1,45;950;463450;484;484;494;-;-;KT
19.11.2013;484;0,00;934;450604;480;480;494;-;-;KT
18.11.2013;484;1,89;3159;1526243;475;475;485;-;-;KT
15.11.2013;475;0,64;1197;568575;470;470;480;-;-;KT
14.11.2013;472;0,21;835;394119;472;471;472;-;-;KT
13.11.2013;471;-0,21;565;266118;471;471;472;-;-;KT
12.11.2013;472;0,43;604;285128;470;470;480;-;-;KT
08.11.2013;470;0,64;604;283351;466;466;480;-;-;KT
07.11.2013;467;-0,85;1197;562317;471;460;471;-;-;KT
06.11.2013;471;0,43;649;304187;467;467;471;-;-;KT
05.11.2013;469;0,86;622;291040;466;466;470;-;-;KT
04.11.2013;465;-0,85;334;155105;460;460;466;-;-;KT
01.11.2013;469;-0,42;318;147874;465;465;469;-;-;KT
31.10.2013;471;1,29;1577;740141;465;465;472;-;-;KT
30.10.2013;465;0,22;1210;562777;466;460;467;-;-;KT
29.10.2013;464;0,22;589;272871;463;463;465;-;-;KT
28.10.2013;463;0,00;1348;625138;466;460;468;-;-;KT
25.10.2013;463;0,00;616;285208;463;463;463;-;-;KT
24.10.2013;463;0,22;424;195895;461;461;465;-;-;KT
23.10.2013;462;-0,86;2154;996705;465;450;465;-;-;KT
22.10.2013;466;0,43;580;269629;462;462;467;-;-;KT
21.10.2013;464;-0,64;575;266340;462;460;465;-;-;KT
18.10.2013;467;1,52;166;76993;460;460;470;-;-;KT
17.10.2013;460;-2,54;282;129441;459;459;460;-;-;KT
16.10.2013;472;4,42;417;189071;453;453;480;-;-;KT
15.10.2013;452;1,12;531;240012;452;452;452;-;-;KT
14.10.2013;447;-1,11;690;308608;447;444;477;-;-;KT
11.10.2013;452;1,12;1040;469089;444;444;460;-;-;KT
10.10.2013;447;0,00;560;248637;441;441;450;-;-;KT
09.10.2013;447;1,59;1954;872667;437;436;450;-;-;KT
08.10.2013;440;-0,23;231;101320;435;435;441;-;-;KT
07.10.2013;441;-1,34;387;170527;441;440;442;-;-;KT
04.10.2013;447;-0,45;1039;464186;446;441;449;-;-;KT
03.10.2013;449;0,67;314;140397;446;446;449;-;-;KT
02.10.2013;446;-0,67;74;33004;446;446;446;-;-;KT
01.10.2013;449;-0,66;306;136713;442;442;449;-;-;KT
30.09.2013;452;0,67;141123;63784768;446;446;452;-;-;KT
27.09.2013;449;0,67;562;250676;445;445;450;-;-;KT
26.09.2013;446;0,22;571;254027;444;444;450;-;-;KT
25.09.2013;445;2,30;2192;973387;433;433;450;-;-;KT
24.09.2013;435;0,00;612;266218;435;433;435;-;-;KT
23.09.2013;435;0,00;897;389924;435;433;435;-;-;KT
20.09.2013;435;0,23;1178;512006;433;433;436;-;-;KT
19.09.2013;434;0,00;269;116564;433;433;434;-;-;KT
18.09.2013;434;-0,46;524;227700;435;433;435;-;-;KT
17.09.2013;436;0,23;170;73956;435;435;436;-;-;KT
16.09.2013;435;-2,25;76;33340;440;435;440;-;-;KT
13.09.2013;445;-1,11;90;40050;445;445;445;-;-;KT
12.09.2013;450;0,00;700;314636;447;447;458;-;-;KT
11.09.2013;450;0,00;761;341061;446;446;453;-;-;KT
10.09.2013;450;0,90;1957;877622;444;444;451;-;-;KT
09.09.2013;446;1,13;1055;470204;441;440;449;-;-;KT
06.09.2013;441;-0,90;1393;616093;444;433;445;-;-;KT
05.09.2013;445;1,37;1929;854676;437;437;483;-;-;KT
04.09.2013;439;0,46;2236;980086;437;436;442;-;-;KT
03.09.2013;437;0,46;1085;471665;433;433;438;-;-;KT
02.09.2013;435;1,16;1170;505737;430;430;438;-;-;KT
30.08.2013;430;0,00;892;383560;430;430;430;-;-;KT
29.08.2013;430;0,00;323;138566;425;425;431;-;-;KT
28.08.2013;430;-1,15;1040;449000;435;430;435;-;-;KT
27.08.2013;435;-0,68;408;177765;436;435;437;-;-;KT
26.08.2013;438;-0,23;142;62096;437;437;438;-;-;KT
23.08.2013;439;-0,68;675;296894;440;439;440;-;-;KT
22.08.2013;442;0,68;1000;440912;440;440;445;-;-;KT
21.08.2013;439;-0,68;566;248757;440;437;442;-;-;KT
20.08.2013;442;1,14;1096;485220;447;440;447;-;-;KT
19.08.2013;437;-2,89;953;415825;435;435;445;-;-;KT
16.08.2013;450;0,67;7139;3212550;450;450;450;-;-;KT
15.08.2013;447;1,13;1193;532450;440;440;450;-;-;KT
14.08.2013;442;-0,90;302;133260;440;440;446;-;-;KT
13.08.2013;446;-0,45;533;236455;442;442;450;-;-;KT
12.08.2013;448;1,82;1449;648260;436;436;449;-;-;KT
09.08.2013;440;-1,57;632;278700;442;440;442;-;-;KT
08.08.2013;447;-0,45;443;196714;442;440;450;-;-;KT
07.08.2013;449;3,70;581;254915;433;433;449;-;-;KT
06.08.2013;433;0,70;3516;1519846;430;423;450;-;-;KT
05.08.2013;430;0,47;1695;729195;430;424;440;-;-;KT
02.08.2013;428;2,39;565;237779;418;418;429;-;-;KT
01.08.2013;418;1,95;1216;506232;410;410;428;-;-;KT
31.07.2013;410;-0,73;1660;680904;410;410;413;-;-;KT
30.07.2013;413;1,47;984;406586;413;411;415;-;-;KT
29.07.2013;407;0,49;1440;585412;405;405;410;-;-;KT
26.07.2013;405;1,25;435;174178;400;400;407;-;-;KT
25.07.2013;400;-1,96;794;317682;400;400;405;-;-;KT
24.07.2013;408;0,00;511;208488;408;408;408;-;-;KT
23.07.2013;408;0,00;2159;879674;407;407;410;-;-;KT
22.07.2013;408;0,25;229;93260;407;407;410;-;-;KT
19.07.2013;407;-0,73;598;245093;410;405;411;-;-;KT
18.07.2013;410;0,00;755;309550;410;410;410;-;-;KT
17.07.2013;410;0,00;589;241508;410;410;411;-;-;KT
16.07.2013;410;-0,73;177;72607;413;405;415;-;-;KT
15.07.2013;413;0,00;389;159898;411;411;413;-;-;KT
12.07.2013;413;0,49;489;200981;411;411;413;-;-;KT
11.07.2013;411;0,00;1071;440181;411;411;411;-;-;KT
10.07.2013;411;0,00;538;221118;411;411;411;-;-;KT
09.07.2013;411;0,00;630;258935;411;411;412;-;-;KT
08.07.2013;411;0,00;1400;574272;410;407;412;-;-;KT
05.07.2013;411;0,00;478;196066;410;410;412;-;-;KT
04.07.2013;411;0,49;900;369390;409;409;411;-;-;KT
03.07.2013;409;-0,49;654;267483;409;406;409;-;-;KT
02.07.2013;411;1,23;329;134718;408;408;419;-;-;KT
01.07.2013;406;-3,33;358;145348;406;406;406;-;-;KT
28.06.2013;420;3,45;583;242293;415;415;420;-;-;KT
27.06.2013;406;0,00;427;172256;403;403;406;-;-;KT
26.06.2013;406;1,00;372;149560;402;402;406;-;-;KT
25.06.2013;402;0,25;415;166417;401;401;402;-;-;KT
24.06.2013;401;0,50;495;198495;401;401;401;-;-;KT
21.06.2013;399;-0,50;271;107334;396;396;400;-;-;KT
20.06.2013;401;2,30;2701;1081245;396;396;406;-;-;KT
19.06.2013;392;1,29;885;346149;390;390;395;-;-;KT
18.06.2013;387;0,78;921;355565;370;370;395;-;-;KT
17.06.2013;384;-2,78;775;297351;382;382;387;-;-;KT
14.06.2013;395;-0,50;194;76459;385;385;400;-;-;KT
13.06.2013;397;-1,24;94;37283;391;390;398;-;-;KT
12.06.2013;402;-0,74;216;86685;390;390;405;-;-;KT
11.06.2013;405;-0,25;3097;1254387;406;405;406;-;-;KT
10.06.2013;406;-5,58;773;313586;405;405;420;-;-;KT
07.06.2013;430;-0,23;1334;573620;430;430;430;-;-;KT
06.06.2013;431;0,23;990;426573;430;430;432;-;-;KT
05.06.2013;430;-0,46;616;264895;430;430;432;-;-;KT
04.06.2013;432;-5,05;558;240936;431;431;440;-;-;KT
03.06.2013;455;0,00;1139;518060;430;430;460;-;-;KT
31.05.2013;455;0,00;1627;739956;455;450;460;-;-;KT
30.05.2013;455;0,00;1947;885929;455;455;459;-;-;KT
29.05.2013;455;1,34;12644;5749810;449;448;455;-;-;KT
28.05.2013;449;-2,39;134;58274;431;431;450;-;-;KT
27.05.2013;460;-0,22;555;258240;470;459;470;-;-;KT
24.05.2013;461;-1,91;605;278671;460;460;470;-;-;KT
23.05.2013;470;1,95;6198;2913533;470;470;479;-;-;KT
22.05.2013;461;0,00;256;117863;460;460;461;-;-;KT
21.05.2013;461;-1,91;790;363717;460;460;470;-;-;KT
20.05.2013;470;2,17;2721;1274984;465;460;476;-;-;KT
17.05.2013;460;-1,08;1683;774978;461;460;465;-;-;KT
16.05.2013;465;-2,31;165;76635;462;462;465;-;-;KT
15.05.2013;476;-1,04;745;353511;471;471;477;-;-;KT
14.05.2013;481;0,84;1172;563136;470;470;485;-;-;KT
13.05.2013;477;-0,83;428;204107;470;470;481;-;-;KT
10.05.2013;481;-0,62;1397;671957;481;481;481;-;-;KT
09.05.2013;484;0,62;1178;567769;480;476;485;-;-;KT
08.05.2013;481;-0,82;982;468845;475;475;485;-;-;KT
07.05.2013;485;2,11;1430;686706;480;480;485;-;-;KT
30.04.2013;475;-2,66;146;69350;475;475;475;-;-;KT
29.04.2013;488;1,67;5816;2835501;480;480;490;-;-;KT
26.04.2013;480;-1,03;624;299520;480;480;480;-;-;KT
25.04.2013;485;-0,82;409;198365;485;485;485;-;-;KT
24.04.2013;489;0,82;456;221384;485;485;489;-;-;KT
23.04.2013;485;-0,82;1532;741195;480;480;485;-;-;KT
22.04.2013;489;0,82;10167;4971102;481;480;490;-;-;KT
19.04.2013;485;0,00;928;449447;482;481;488;-;-;KT
18.04.2013;485;-0,61;2002;969564;481;481;490;-;-;KT
17.04.2013;488;1,04;3432;1674277;481;481;495;-;-;KT
16.04.2013;483;-0,82;646;312785;485;482;485;-;-;KT
15.04.2013;487;0,41;684;332091;485;485;488;-;-;KT
12.04.2013;485;-0,61;207;100395;485;485;485;-;-;KT
11.04.2013;488;-1,21;539;262451;485;485;488;-;-;KT
10.04.2013;494;1,23;2288;1128555;486;485;495;-;-;KT
09.04.2013;488;-1,41;1153;562455;485;481;490;-;-;KT
08.04.2013;495;0,00;17442;8630590;481;481;495;-;-;KT
05.04.2013;495;0,00;17293;8556708;495;483;496;-;-;KT
04.04.2013;495;1,02;16122;7977381;490;490;495;-;-;KT
03.04.2013;490;-1,61;656;321440;490;490;490;-;-;KT
02.04.2013;498;0,61;3385;1682256;481;481;500;-;-;KT
01.04.2013;495;1,02;3272;1615451;482;482;500;-;-;KT
29.03.2013;490;0,20;1211;592045;485;485;490;-;-;KT
28.03.2013;489;-0,20;1152;560936;485;485;492;-;-;KT
27.03.2013;490;1,03;1189;580890;485;485;490;-;-;KT
26.03.2013;485;-1,02;89;43016;483;482;485;-;-;KT
25.03.2013;490;-1,80;230;112209;481;481;492;-;-;KT
22.03.2013;499;0,00;12317;6144397;485;485;500;-;-;KT
21.03.2013;499;1,42;11533;5755225;492;485;500;-;-;KT
20.03.2013;492;0,41;1617;794805;485;485;494;-;-;KT
19.03.2013;490;-0,41;363;177432;485;485;490;-;-;KT
18.03.2013;492;-0,40;777;381952;490;490;494;-;-;KT
15.03.2013;494;0,20;320;157651;490;490;500;-;-;KT
14.03.2013;493;-1,79;820;403812;492;490;495;-;-;KT
13.03.2013;502;1,62;5495;2755242;493;492;505;-;-;KT
12.03.2013;494;-0,20;428;211252;492;492;496;-;-;KT
11.03.2013;495;-1,59;202;99478;492;492;495;-;-;KT
08.03.2013;503;1,41;4351;2185141;492;492;505;-;-;KT
07.03.2013;496;-0,80;184;90585;491;491;499;-;-;KT
06.03.2013;500;0,00;11276;5633431;490;490;500;-;-;KT
05.03.2013;500;0,20;22053;11026302;500;490;502;-;-;KT
04.03.2013;499;2,25;47112;23509593;482;482;501;-;-;KT
01.03.2013;488;0,21;505;246255;486;486;495;-;-;KT
28.02.2013;487;-2,60;550;268831;492;485;495;-;-;KT
27.02.2013;500;0,00;1488;744000;500;500;500;-;-;KT
26.02.2013;500;2,25;20961;10470653;490;490;500;-;-;KT
25.02.2013;489;0,82;3152;1539028;481;481;490;-;-;KT
22.02.2013;485;-0,61;1277;618484;484;484;485;-;-;KT
21.02.2013;488;0,83;2331;1135393;484;484;490;-;-;KT
20.02.2013;484;-1,02;1425;693924;489;484;489;-;-;KT
19.02.2013;489;-0,20;700;342640;490;486;495;-;-;KT
18.02.2013;490;0,82;14586;7144058;485;485;490;-;-;KT
14.02.2013;486;-0,21;1381;669006;480;480;490;-;-;KT
13.02.2013;487;0,00;1330;646505;486;486;487;-;-;KT
12.02.2013;487;1,25;1193;577321;483;483;490;-;-;KT
11.02.2013;481;1,48;970;464561;472;472;483;-;-;KT
08.02.2013;474;-1,86;1197;567590;483;460;483;-;-;KT
07.02.2013;483;2,55;1768;850717;471;471;485;-;-;KT
06.02.2013;471;-5,42;1022;483085;487;460;487;-;-;KT
05.02.2013;498;-1,19;280;139257;487;487;499;-;-;KT
04.02.2013;504;-0,40;1996;1006372;505;499;505;-;-;KT
01.02.2013;506;-2,50;1071;541056;505;505;506;-;-;KT
31.01.2013;519;2,98;52699;27362986;503;503;520;-;-;KT
30.01.2013;504;-0,59;2293;1156118;505;501;507;-;-;KT
29.01.2013;507;0,60;1449;731122;504;504;510;-;-;KT
28.01.2013;504;0,20;978;490727;500;500;505;-;-;KT
25.01.2013;503;5,01;35030;17616271;485;485;515;-;-;KT
24.01.2013;479;1,48;1386;656638;472;472;480;-;-;KT
23.01.2013;472;1,51;1562;730535;464;464;475;-;-;KT
22.01.2013;465;0,87;1708;793617;464;464;480;-;-;KT
21.01.2013;461;-0,86;1211;558245;460;460;465;-;-;KT
18.01.2013;465;1,09;15458;7182463;455;455;470;-;-;KT
17.01.2013;460;0,22;2410;1101985;451;451;484;-;-;KT
16.01.2013;459;3,15;5185;2370293;448;448;460;-;-;KT
15.01.2013;445;1,37;1342;595501;440;440;447;-;-;KT
14.01.2013;439;-1,79;878;385997;440;436;445;-;-;KT
11.01.2013;447;1,59;840;373353;440;440;448;-;-;KT
10.01.2013;440;-1,79;533;234531;440;440;441;-;-;KT
09.01.2013;448;1,82;50231;22502271;440;440;450;-;-;KT
08.01.2013;440;-0,23;747;327856;433;433;441;-;-;KT
04.01.2013;441;0,23;1787;788154;434;432;443;-;-;KT
03.01.2013;440;-1,79;315;137611;435;435;440;-;-;KT
31.12.2012;448;1,13;9304;4157227;430;430;450;-;-;KT
28.12.2012;443;-0,67;5926;2600430;430;427;449;-;-;KT
27.12.2012;446;4,45;32051;14297869;425;423;449;-;-;KT
26.12.2012;427;-4,90;855;365297;426;426;430;-;-;KT
25.12.2012;449;0,00;9166;4116537;450;449;452;-;-;KT
24.12.2012;449;-2,39;2562;1150447;449;449;450;-;-;KT
21.12.2012;460;2,45;1497;673455;449;449;475;-;-;KT
20.12.2012;449;5,15;15932;7107788;420;420;450;-;-;KT
19.12.2012;427;1,67;4838;2058676;420;420;433;-;-;KT
18.12.2012;420;-0,71;1799;755630;421;420;421;-;-;KT
17.12.2012;423;0,00;676;284562;420;420;423;-;-;KT
14.12.2012;423;-0,94;2612;1098922;420;420;427;-;-;KT
13.12.2012;427;1,18;2026;861197;422;422;428;-;-;KT
12.12.2012;422;-1,17;782;330110;422;422;424;-;-;KT
11.12.2012;427;-0,23;1046;440097;420;420;428;-;-;KT
10.12.2012;428;1,90;3612;1539275;420;420;430;-;-;KT
07.12.2012;420;-0,71;378;158766;420;420;421;-;-;KT
06.12.2012;423;-1,63;790;333964;420;420;425;-;-;KT
05.12.2012;430;-0,69;1000;430000;430;430;430;-;-;KT
04.12.2012;433;0,23;1518;656374;432;430;435;-;-;KT
03.12.2012;432;0,00;6647;2873043;430;422;433;-;-;KT
30.11.2012;432;-0,23;2658;1147849;432;430;435;-;-;KT
29.11.2012;433;0,23;1450;625160;431;431;448;-;-;KT
28.11.2012;432;0,93;1388;596522;429;429;440;-;-;KT
27.11.2012;428;0,71;2729;1166727;426;425;435;-;-;KT
26.11.2012;425;-0,93;330;140250;425;425;425;-;-;KT
23.11.2012;429;0,23;1149;492505;428;427;435;-;-;KT
22.11.2012;428;-0,23;1021;436468;425;425;430;-;-;KT
21.11.2012;429;-0,23;801;342291;424;424;430;-;-;KT
20.11.2012;430;0,23;1669;715087;427;427;430;-;-;KT
19.11.2012;429;1,18;4847;2076488;421;421;430;-;-;KT
16.11.2012;424;0,47;3511;1486571;421;420;425;-;-;KT
15.11.2012;422;0,00;1376;581248;425;420;425;-;-;KT
14.11.2012;422;0,00;1028;433130;421;421;424;-;-;KT
13.11.2012;422;0,48;1488;627454;420;420;424;-;-;KT
09.11.2012;420;-0,94;446;187369;420;420;424;-;-;KT
08.11.2012;424;0,00;958;405023;420;420;425;-;-;KT
07.11.2012;424;-0,93;955;403619;420;420;425;-;-;KT
06.11.2012;428;1,18;2366;1011681;427;425;430;-;-;KT
05.11.2012;423;-0,94;492;207721;420;420;425;-;-;KT
02.11.2012;427;0,00;931;396777;425;425;427;-;-;KT
01.11.2012;427;0,00;355;151324;426;426;427;-;-;KT
31.10.2012;427;-0,70;1453;619378;426;426;427;-;-;KT
30.10.2012;430;1,18;44570;19159431;425;425;430;-;-;KT
29.10.2012;425;-0,47;304;129200;425;425;425;-;-;KT
26.10.2012;427;0,00;533;227591;427;427;427;-;-;KT
25.10.2012;427;0,47;3508;1495395;425;425;427;-;-;KT
24.10.2012;425;0,00;1124;475669;422;422;425;-;-;KT
23.10.2012;425;1,19;38578;16390982;420;420;425;-;-;KT
22.10.2012;420;-0,24;996;418320;420;420;420;-;-;KT
19.10.2012;421;0,24;683;286865;420;420;421;-;-;KT
18.10.2012;420;0,24;1297;544999;420;420;421;-;-;KT
17.10.2012;419;-0,24;1185;495533;410;410;420;-;-;KT
16.10.2012;420;0,00;747;313740;420;420;420;-;-;KT
15.10.2012;420;-0,24;3515;1475562;420;416;421;-;-;KT
12.10.2012;421;-0,71;783;329500;421;420;421;-;-;KT
11.10.2012;424;0,00;716;302659;420;420;425;-;-;KT
10.10.2012;424;0,47;1034;436953;421;421;427;-;-;KT
09.10.2012;422;0,48;1092;459319;420;420;422;-;-;KT
08.10.2012;420;0,00;1506;632605;420;420;421;-;-;KT
05.10.2012;420;0,00;1260;529200;420;420;420;-;-;KT
04.10.2012;420;0,00;1517;637140;420;420;420;-;-;KT
03.10.2012;420;0,00;2710;1134219;412;412;422;-;-;KT
02.10.2012;420;2,19;2451;1022930;412;412;420;-;-;KT
01.10.2012;411;1,23;823;337147;406;406;412;-;-;KT
28.09.2012;406;-1,46;244;99075;406;406;410;-;-;KT
27.09.2012;412;-1,90;149;61117;407;407;419;-;-;KT
26.09.2012;420;-0,47;2125;891995;407;407;420;-;-;KT
25.09.2012;422;-2,99;664;279880;420;420;425;-;-;KT
24.09.2012;435;1,16;4255;1841318;420;420;435;-;-;KT
21.09.2012;430;4,62;3829;1635976;415;415;435;-;-;KT
20.09.2012;411;0,00;970;397971;410;410;411;-;-;KT
19.09.2012;411;0,24;1031;422870;410;410;415;-;-;KT
18.09.2012;410;0,00;666;273060;410;410;410;-;-;KT
17.09.2012;410;0,00;525;215250;410;410;410;-;-;KT
14.09.2012;410;0,24;681;278495;406;406;411;-;-;KT
13.09.2012;409;-0,24;643;261315;406;406;410;-;-;KT
12.09.2012;410;0,99;1483;605162;406;406;410;-;-;KT
11.09.2012;406;0,25;351;142506;406;406;406;-;-;KT
10.09.2012;405;-1,22;1090;442145;406;405;410;-;-;KT
07.09.2012;410;1,74;733;297410;405;405;410;-;-;KT
06.09.2012;403;0,75;1697;683157;402;402;404;-;-;KT
05.09.2012;400;0,00;806;322400;400;400;400;-;-;KT
04.09.2012;400;-0,25;933;373274;400;400;401;-;-;KT
03.09.2012;401;0,25;13545;5430402;400;400;401;-;-;KT
31.08.2012;400;0,00;754;301600;400;400;400;-;-;KT
30.08.2012;400;-0,50;19383;7754230;401;400;402;-;-;KT
29.08.2012;402;-0,50;1176;472852;402;402;403;-;-;KT
28.08.2012;404;0,50;1360;548668;400;400;410;-;-;KT
27.08.2012;402;0,00;69185;27807220;402;400;403;-;-;KT
24.08.2012;402;0,50;498;199877;401;401;403;-;-;KT
23.08.2012;400;-0,74;1249;499639;400;400;403;-;-;KT
22.08.2012;403;0,00;627;251905;400;400;403;-;-;KT
21.08.2012;403;0,00;263;105441;400;400;403;-;-;KT
20.08.2012;403;-1,71;1330;536780;410;401;410;-;-;KT
17.08.2012;410;-4,65;475;195007;412;410;413;-;-;KT
16.08.2012;430;-0,69;347;148554;420;420;433;-;-;KT
15.08.2012;433;-0,23;3184;1376739;425;425;436;-;-;KT
14.08.2012;434;-0,46;994;431355;435;426;435;-;-;KT
13.08.2012;436;0,00;628;273743;436;435;436;-;-;KT
10.08.2012;436;0,23;2070;896008;430;430;439;-;-;KT
09.08.2012;435;2,84;11712;5086937;425;425;435;-;-;KT
08.08.2012;423;-1,63;468;197499;416;416;426;-;-;KT
07.08.2012;430;0,94;1041;447656;430;426;433;-;-;KT
06.08.2012;426;-0,93;973;414593;416;416;433;-;-;KT
03.08.2012;430;1,42;16119;6927079;420;420;430;-;-;KT
02.08.2012;424;-1,17;1665;706063;417;415;430;-;-;KT
01.08.2012;429;-1,38;612;262083;425;425;430;-;-;KT
31.07.2012;435;0,46;898;384266;425;425;439;-;-;KT
30.07.2012;433;2,12;2991;1292290;415;415;439;-;-;KT
27.07.2012;424;-0,70;2100;891668;425;410;427;-;-;KT
26.07.2012;427;1,91;1533;649947;415;415;431;-;-;KT
25.07.2012;419;1,95;2561;1067774;415;415;420;-;-;KT
24.07.2012;411;0,74;1693;695002;410;410;415;-;-;KT
23.07.2012;408;3,82;6162;2503839;393;393;410;-;-;KT
20.07.2012;393;1,55;2322;909859;387;387;395;-;-;KT
19.07.2012;387;0,52;971;374675;385;385;390;-;-;KT
18.07.2012;385;0,00;673;259107;385;385;386;-;-;KT
17.07.2012;385;0,00;822;316470;385;385;385;-;-;KT
16.07.2012;385;-0,52;765;294661;385;385;387;-;-;KT
13.07.2012;387;1,57;1444;555202;381;381;387;-;-;KT
12.07.2012;381;0,79;689;262020;380;380;381;-;-;KT
11.07.2012;378;-0,26;614;232485;379;378;379;-;-;KT
10.07.2012;379;1,88;1273;478198;375;375;380;-;-;KT
09.07.2012;372;-0,27;541;201130;371;371;373;-;-;KT
06.07.2012;373;0,27;1368;508740;371;371;373;-;-;KT
05.07.2012;372;0,27;632;234597;371;371;372;-;-;KT
04.07.2012;371;0,27;625;231875;371;371;371;-;-;KT
03.07.2012;370;-0,27;2402;889661;370;370;372;-;-;KT
02.07.2012;371;0,27;895;331264;365;365;371;-;-;KT
29.06.2012;370;-0,27;515;189117;365;365;370;-;-;KT
28.06.2012;371;0,00;690;255990;371;371;371;-;-;KT
27.06.2012;371;0,27;273;101198;370;369;378;-;-;KT
26.06.2012;370;-2,37;536;198028;363;363;371;-;-;KT
25.06.2012;379;2,16;1226;460892;370;370;386;-;-;KT
22.06.2012;371;0,27;428;158508;370;370;375;-;-;KT
21.06.2012;370;-1,86;4150;1536550;377;370;377;-;-;KT
20.06.2012;377;-2,58;465;176294;382;373;385;-;-;KT
19.06.2012;387;0,26;565;218192;382;382;388;-;-;KT
18.06.2012;386;-1,28;767;296644;390;382;390;-;-;KT
15.06.2012;391;0,26;1308;511364;391;390;391;-;-;KT
14.06.2012;390;-0,26;251;97568;386;386;390;-;-;KT
13.06.2012;391;-1,01;645;251281;385;385;395;-;-;KT
12.06.2012;395;1,28;3499;1378531;390;390;400;-;-;KT
11.06.2012;390;1,04;6169;2405561;386;386;392;-;-;KT
08.06.2012;386;-2,03;338;131497;394;385;394;-;-;KT
07.06.2012;394;-1,50;123;48830;400;390;400;-;-;KT
06.06.2012;400;-0,25;731;292286;380;380;401;-;-;KT
05.06.2012;401;-1,96;1564;626884;401;400;405;-;-;KT
04.06.2012;409;-1,45;883;361549;409;409;410;-;-;KT
01.06.2012;415;-2,58;1097;456880;418;410;418;-;-;KT
31.05.2012;426;2,16;8908;3786424;415;415;430;-;-;KT
30.05.2012;417;0,24;931;387621;415;415;420;-;-;KT
29.05.2012;416;-1,19;111;45944;411;411;420;-;-;KT
28.05.2012;421;-2,32;589;249583;431;409;432;-;-;KT
25.05.2012;431;-2,05;469;202474;440;430;440;-;-;KT
24.05.2012;440;-0,90;428;188299;440;430;444;-;-;KT
23.05.2012;444;-1,77;175;77576;443;443;446;-;-;KT
22.05.2012;452;0,00;2082;941527;445;445;453;-;-;KT
21.05.2012;452;-1,74;48305;21834784;456;443;456;-;-;KT
18.05.2012;460;0,00;2865;1317462;460;456;469;-;-;KT
17.05.2012;460;0,00;2251;1035603;460;460;461;-;-;KT
16.05.2012;460;0,00;15939;7331611;460;456;460;-;-;KT
15.05.2012;460;0,44;2307;1061220;460;460;460;-;-;KT
14.05.2012;458;-0,43;3139;1442662;460;457;460;-;-;KT
11.05.2012;460;0,00;3602;1656920;460;460;460;-;-;KT
10.05.2012;460;0,22;2315;1062661;459;459;464;-;-;KT
09.05.2012;459;0,22;2460;1128033;458;458;460;-;-;KT
08.05.2012;458;-0,22;2588;1185324;451;450;460;-;-;KT
07.05.2012;459;-0,22;7467;3426422;456;455;460;-;-;KT
04.05.2012;460;0,66;1255;576280;457;457;464;-;-;KT
03.05.2012;457;-3,59;313;143648;462;452;462;-;-;KT
30.04.2012;474;-0,42;1094;516673;470;470;476;-;-;KT
27.04.2012;476;-0,83;2957;1405619;473;473;480;-;-;KT
26.04.2012;480;1,48;6169;2950993;473;473;483;-;-;KT
25.04.2012;473;0,21;1957;923806;470;470;475;-;-;KT
24.04.2012;472;-1,46;840;396208;471;470;475;-;-;KT
23.04.2012;479;-0,21;959;459156;480;475;482;-;-;KT
20.04.2012;480;-0,41;372;178235;475;475;480;-;-;KT
19.04.2012;482;-1,03;914;439845;480;480;483;-;-;KT
18.04.2012;487;0,83;919;445462;482;482;490;-;-;KT
17.04.2012;483;-1,43;722;348570;483;482;485;-;-;KT
12.04.2012;490;-0,20;575;281180;483;483;493;-;-;KT
11.04.2012;491;-0,61;959;470710;490;489;498;-;-;KT
10.04.2012;494;-0,80;1674;827730;498;490;498;-;-;KT
09.04.2012;498;-1,19;828;413160;500;497;503;-;-;KT
06.04.2012;504;0,00;806;404863;501;501;507;-;-;KT
05.04.2012;504;-0,59;1955;983409;500;500;507;-;-;KT
04.04.2012;507;0,80;17411;8828082;500;495;510;-;-;KT
03.04.2012;503;-0,59;627;315384;503;503;505;-;-;KT
02.04.2012;506;-0,98;18422;9320836;501;500;518;-;-;KT
30.03.2012;511;1,59;4876;2488864;501;501;515;-;-;KT
29.03.2012;503;-1,18;1519;762974;502;502;509;-;-;KT
28.03.2012;509;1,39;12178;6195629;496;496;510;-;-;KT
27.03.2012;502;-0,59;1516;760898;502;500;505;-;-;KT
26.03.2012;505;-1,17;1005;505524;500;500;509;-;-;KT
23.03.2012;511;0,39;5569;2840467;503;503;512;-;-;KT
22.03.2012;509;-0,59;736;371497;502;502;510;-;-;KT
21.03.2012;512;0,39;2510;1281642;507;507;518;-;-;KT
20.03.2012;510;0,00;1321;671666;505;505;517;-;-;KT
19.03.2012;510;-1,54;3927;1998362;505;504;518;-;-;KT
16.03.2012;518;1,97;8681;4473936;501;501;525;-;-;KT
15.03.2012;508;1,40;12082;6130432;500;500;510;-;-;KT
14.03.2012;501;0,00;1822;912747;501;500;502;-;-;KT
13.03.2012;501;-0,60;706;353162;500;500;502;-;-;KT
12.03.2012;504;-0,98;1817;914216;500;500;510;-;-;KT
09.03.2012;509;1,80;13113;6670942;503;502;510;-;-;KT
08.03.2012;500;0,00;1704;851976;497;497;501;-;-;KT
07.03.2012;500;-1,38;2237;1118510;500;500;502;-;-;KT
06.03.2012;507;1,40;11884;6015661;500;495;510;-;-;KT
05.03.2012;500;-0,40;3944;1971202;491;491;500;-;-;KT
02.03.2012;502;0,00;1985;996881;501;500;506;-;-;KT
01.03.2012;502;-0,79;2008;1007311;501;500;506;-;-;KT
29.02.2012;506;0,60;2537;1275570;500;500;514;-;-;KT
28.02.2012;503;0,60;9064;4557410;500;495;506;-;-;KT
27.02.2012;500;0,00;3607;1801903;495;490;505;-;-;KT
24.02.2012;500;0,00;2557;1275722;495;495;500;-;-;KT
23.02.2012;500;0,00;1874;936920;500;496;500;-;-;KT
22.02.2012;500;0,00;7452;3726200;500;500;501;-;-;KT
21.02.2012;500;0,00;12459;6230316;500;500;506;-;-;KT
20.02.2012;500;0,00;2370;1184876;500;488;503;-;-;KT
14.02.2012;500;0,00;2466;1233043;497;497;501;-;-;KT
13.02.2012;500;-0,20;2179;1090749;501;497;503;-;-;KT
10.02.2012;501;-0,40;645;323441;502;501;503;-;-;KT
09.02.2012;503;-0,59;4996;2510060;500;500;506;-;-;KT
08.02.2012;506;-0,20;814;411038;500;500;510;-;-;KT
07.02.2012;507;-1,55;11367;5769908;515;505;515;-;-;KT
06.02.2012;515;0,78;1163;591365;504;504;519;-;-;KT
03.02.2012;511;2,20;2666;1361909;510;504;519;-;-;KT
02.02.2012;500;0,81;5323;2654472;489;489;510;-;-;KT
01.02.2012;496;1,43;5700;2824262;491;491;499;-;-;KT
31.01.2012;489;-0,61;2460;1204499;491;483;495;-;-;KT
30.01.2012;492;-1,20;1205;593446;493;490;499;-;-;KT
27.01.2012;498;1,63;2503;1241324;493;487;500;-;-;KT
26.01.2012;490;2,08;2851;1394009;480;480;498;-;-;KT
25.01.2012;480;-2,04;1345;648940;490;480;490;-;-;KT
24.01.2012;490;-1,61;7819;3831746;477;470;495;-;-;KT
23.01.2012;498;1,01;1605;794135;493;492;500;-;-;KT
20.01.2012;493;1,02;24983;12307317;485;480;500;-;-;KT
19.01.2012;488;-1,21;1255;618590;498;485;498;-;-;KT
18.01.2012;494;-1,00;1122;555380;497;490;497;-;-;KT
17.01.2012;499;-0,20;2133;1063065;495;495;505;-;-;KT
16.01.2012;500;0,20;17232;8605722;492;492;500;-;-;KT
13.01.2012;499;1,42;15564;7763986;490;489;500;-;-;KT
12.01.2012;492;0,61;3491;1714503;488;488;496;-;-;KT
11.01.2012;489;0,20;1271;619483;486;486;490;-;-;KT
10.01.2012;488;0,62;2400;1169671;487;485;490;-;-;KT
09.01.2012;485;-0,41;1011;490355;485;485;487;-;-;KT
06.01.2012;487;0,41;334;161995;485;485;487;-;-;KT
05.01.2012;485;-1,22;148;71780;485;485;485;-;-;KT
04.01.2012;491;-1,41;323;158242;485;485;496;-;-;KT
30.12.2011;498;0,20;2634;1310058;486;486;500;-;-;KT
29.12.2011;497;-0,40;1331;660948;486;486;500;-;-;KT
28.12.2011;499;-3,85;5283;2619285;485;485;499;-;-;KT
27.12.2011;519;0,78;4107;2121025;510;510;521;-;-;KT
26.12.2011;515;-1,90;1901;977833;510;510;521;-;-;KT
23.12.2011;525;0,77;11594;6074110;518;512;525;-;-;KT
22.12.2011;521;0,97;2784;1438971;516;514;538;-;-;KT
21.12.2011;516;3,41;4801;2455642;500;500;532;-;-;KT
20.12.2011;499;0,40;3980;1983634;493;493;502;-;-;KT
19.12.2011;497;-0,40;2377;1173220;492;492;500;-;-;KT
16.12.2011;499;1,63;5822;2889569;487;487;505;-;-;KT
15.12.2011;491;1,03;3993;1952295;486;486;492;-;-;KT
14.12.2011;486;0,21;2244;1089054;485;485;486;-;-;KT
13.12.2011;485;-0,21;2740;1329461;485;480;486;-;-;KT
12.12.2011;486;-1,02;3660;1778533;485;480;490;-;-;KT
09.12.2011;491;-0,20;2477;1214615;490;490;492;-;-;KT
08.12.2011;492;0,20;2896;1422349;490;490;494;-;-;KT
07.12.2011;491;1,03;2593;1263909;486;486;493;-;-;KT
06.12.2011;486;0,21;3447;1673896;485;485;488;-;-;KT
05.12.2011;485;0,00;2579;1248695;480;480;487;-;-;KT
02.12.2011;485;-0,21;1297;626246;480;480;487;-;-;KT
01.12.2011;486;-0,21;1694;822740;485;485;487;-;-;KT
30.11.2011;487;0,21;1445;702715;485;485;488;-;-;KT
29.11.2011;486;-0,41;1597;776566;486;486;488;-;-;KT
28.11.2011;488;-1,01;1701;830814;488;478;493;-;-;KT
25.11.2011;493;-0,60;1294;637841;491;490;495;-;-;KT
24.11.2011;496;0,20;3185;1578702;490;488;500;-;-;KT
23.11.2011;495;-0,40;1067;528165;495;495;495;-;-;KT
22.11.2011;497;-0,40;2705;1344735;495;491;500;-;-;KT
21.11.2011;499;-0,20;863;430118;490;490;500;-;-;KT
18.11.2011;500;-0,99;1050;525000;500;500;500;-;-;KT
17.11.2011;505;-0,59;1599;805320;502;502;508;-;-;KT
16.11.2011;508;0,59;3122;1584531;501;490;515;-;-;KT
15.11.2011;505;-1,94;1597;805588;502;501;510;-;-;KT
14.11.2011;515;1,58;3852;1980934;505;505;523;-;-;KT
11.11.2011;507;-0,59;3252;1651962;511;478;511;-;-;KT
10.11.2011;510;-0,20;2336;1191941;510;510;511;-;-;KT
09.11.2011;511;-0,97;1754;894972;510;510;516;-;-;KT
08.11.2011;516;1,18;5930;3056225;502;502;520;-;-;KT
07.11.2011;510;0,00;2129;1083320;500;500;515;-;-;KT
04.11.2011;510;-0,58;1186;602599;503;503;515;-;-;KT
03.11.2011;513;-1,35;980;496389;505;505;515;-;-;KT
02.11.2011;520;-0,57;682;353322;516;516;520;-;-;KT
01.11.2011;523;-4,04;647;341507;540;513;540;-;-;KT
31.10.2011;545;-0,73;1923;1037384;534;534;554;-;-;KT
28.10.2011;549;3,20;17352;9490233;526;526;550;-;-;KT
27.10.2011;532;3,10;5315;2812794;520;520;535;-;-;KT
26.10.2011;516;-0,39;4251;2197229;518;511;520;-;-;KT
25.10.2011;518;0,19;7561;3909319;513;511;520;-;-;KT
24.10.2011;517;2,17;3416;1766760;517;514;520;-;-;KT
21.10.2011;506;-1,56;1880;953438;508;506;510;-;-;KT
20.10.2011;514;2,19;7156;3659165;495;493;515;-;-;KT
19.10.2011;503;2,03;4772;2398741;485;485;506;-;-;KT
18.10.2011;493;-1,60;2307;1132871;482;482;500;-;-;KT
17.10.2011;501;2,24;9127;4557653;495;494;515;-;-;KT
14.10.2011;490;2,51;4002;1949974;480;480;490;-;-;KT
13.10.2011;478;0,84;2985;1422556;470;470;490;-;-;KT
12.10.2011;474;0,00;5526;2616676;461;461;476;-;-;KT
11.10.2011;474;1,72;15023;7110090;461;461;475;-;-;KT
10.10.2011;466;0,22;1814;844871;460;460;470;-;-;KT
07.10.2011;465;-0,85;13418;6235929;455;455;470;-;-;KT
06.10.2011;469;0,86;9751;4571039;469;457;471;-;-;KT
05.10.2011;465;0,87;4601;2136738;455;455;469;-;-;KT
04.10.2011;461;-0,43;12590;5798882;457;446;465;-;-;KT
03.10.2011;463;0,22;4819;2229013;450;450;465;-;-;KT
30.09.2011;462;-0,22;12282;5667369;451;451;465;-;-;KT
29.09.2011;463;1,09;2111;974698;460;460;465;-;-;KT
28.09.2011;458;-2,35;5006;2295751;459;453;461;-;-;KT
27.09.2011;469;3,53;12507;5846697;460;460;470;-;-;KT
26.09.2011;453;-0,22;5819;2635843;447;447;457;-;-;KT
23.09.2011;454;-2,78;4681;2125298;451;451;460;-;-;KT
22.09.2011;467;-0,21;16074;7506909;461;460;470;-;-;KT
21.09.2011;468;-0,64;4018;1877222;463;460;470;-;-;KT
20.09.2011;471;0,43;4155;1956799;457;457;475;-;-;KT
19.09.2011;469;-1,47;630;295098;465;465;470;-;-;KT
16.09.2011;476;-1,04;22168;10561667;480;475;481;-;-;KT
15.09.2011;481;0,63;1540;738188;475;475;490;-;-;KT
14.09.2011;478;0,00;2333;1114075;476;470;485;-;-;KT
13.09.2011;478;-0,62;2998;1447130;485;478;485;-;-;KT
12.09.2011;481;-2,63;5625;2708560;485;477;490;-;-;KT
09.09.2011;494;-0,40;7165;3530519;491;488;500;-;-;KT
08.09.2011;496;1,22;24513;12135822;490;490;503;-;-;KT
07.09.2011;490;2,08;56137;27525445;499;490;499;-;-;KT
06.09.2011;480;-1,64;2475;1204214;488;478;488;-;-;KT
05.09.2011;488;-2,98;11330;5538193;500;485;502;-;-;KT
02.09.2011;503;-0,20;7092;3563920;491;491;510;-;-;KT
01.09.2011;504;0,80;4688;2357786;500;500;510;-;-;KT
31.08.2011;500;2,25;9304;4648491;499;494;502;-;-;KT
30.08.2011;489;1,66;3573;1739732;481;481;492;-;-;KT
29.08.2011;481;-0,62;3908;1877526;471;471;490;-;-;KT
26.08.2011;484;0,21;2133;1031536;470;470;486;-;-;KT
25.08.2011;483;0,00;2505;1209667;472;472;485;-;-;KT
24.08.2011;483;-0,62;2746;1325191;475;475;485;-;-;KT
23.08.2011;486;-0,61;11675;5674749;482;482;492;-;-;KT
22.08.2011;489;0,00;5292;2588880;489;475;499;-;-;KT
19.08.2011;489;-0,81;2845;1390280;485;485;490;-;-;KT
18.08.2011;493;0,20;2963;1459117;489;489;499;-;-;KT
17.08.2011;492;0,41;4081;2006935;485;480;499;-;-;KT
16.08.2011;490;-2,00;5871;2878103;490;486;497;-;-;KT
15.08.2011;500;0,00;11849;5922058;500;490;500;-;-;KT
12.08.2011;500;-0,20;7962;3982668;500;499;505;-;-;KT
11.08.2011;501;-0,20;5337;2674030;500;500;510;-;-;KT
10.08.2011;502;8,42;3074;1515989;488;488;509;-;-;KT
09.08.2011;463;-5,12;21947;10163537;475;450;480;-;-;KT
08.08.2011;488;-5,61;3976;1937966;477;477;499;-;-;KT
05.08.2011;517;-3,36;8567;4426999;521;494;521;-;-;KT
04.08.2011;535;0,00;2867;1510138;520;520;544;-;-;KT
03.08.2011;535;-3,78;3480;1861752;541;530;545;-;-;KT
02.08.2011;556;0,18;6868;3812717;554;550;563;-;-;KT
01.08.2011;555;0,91;4249;2350520;551;551;557;-;-;KT
29.07.2011;550;-0,18;6713;3694313;550;545;552;-;-;KT
28.07.2011;551;-1,08;1515;834386;550;550;555;-;-;KT
27.07.2011;557;-1,07;2177;1210999;551;551;562;-;-;KT
26.07.2011;563;-0,18;2938;1654435;563;563;564;-;-;KT
25.07.2011;564;0,18;2659;1495444;560;560;570;-;-;KT
22.07.2011;563;-0,18;2348;1321038;562;562;564;-;-;KT
21.07.2011;564;0,18;5659;3183109;555;555;570;-;-;KT
20.07.2011;563;0,90;3762;2109714;554;554;565;-;-;KT
19.07.2011;558;-1,24;1849;1025949;551;551;560;-;-;KT
18.07.2011;565;-0,88;2434;1375822;565;560;566;-;-;KT
15.07.2011;570;0,71;3496;1983864;566;566;571;-;-;KT
14.07.2011;566;0,35;2448;1382990;564;559;573;-;-;KT
13.07.2011;564;0,89;9156;5148602;555;554;570;-;-;KT
12.07.2011;559;0,90;4337;2418278;555;555;561;-;-;KT
11.07.2011;554;0,18;4499;2491916;553;553;559;-;-;KT
08.07.2011;553;1,28;6623;3641417;546;546;559;-;-;KT
07.07.2011;546;1,87;7848;4267552;540;540;550;-;-;KT
06.07.2011;536;0,00;7164;3832972;530;530;541;-;-;KT
05.07.2011;536;0,56;6623;3540233;532;531;540;-;-;KT
04.07.2011;533;-0,93;2221;1180146;530;530;535;-;-;KT
01.07.2011;538;0,19;7447;4001717;532;532;540;-;-;KT
30.06.2011;537;-0,19;2975;1595658;535;535;539;-;-;KT
29.06.2011;538;-0,19;3650;1952458;530;530;540;-;-;KT
28.06.2011;539;0,19;4024;2158920;535;535;540;-;-;KT
27.06.2011;538;0,94;4207;2253389;530;530;542;-;-;KT
24.06.2011;533;0,19;3356;1783773;527;527;540;-;-;KT
23.06.2011;532;0,00;3322;1763341;528;526;535;-;-;KT
22.06.2011;532;-0,56;1441;764730;528;528;535;-;-;KT
21.06.2011;535;-1,29;3498;1863343;531;531;537;-;-;KT
20.06.2011;542;-1,81;4306;2333706;541;541;550;-;-;KT
17.06.2011;552;0,18;4333;2387984;550;550;558;-;-;KT
16.06.2011;551;-1,43;14705;8101628;556;550;557;-;-;KT
15.06.2011;559;-1,41;2104;1174601;556;555;560;-;-;KT
14.06.2011;567;-0,53;4033;2279705;561;561;570;-;-;KT
13.06.2011;570;0,53;15104;8593034;560;560;575;-;-;KT
10.06.2011;567;1,61;7121;4011434;556;556;573;-;-;KT
09.06.2011;558;1,45;10442;5817563;541;541;565;-;-;KT
08.06.2011;550;-1,08;2780;1528767;549;540;556;-;-;KT
07.06.2011;556;-2,97;2808;1560471;555;555;560;-;-;KT
06.06.2011;573;-4,18;4455;2540017;561;561;586;-;-;KT
03.06.2011;598;-2,61;1617;966987;595;589;600;-;-;KT
02.06.2011;614;-1,13;5306;3269342;621;602;621;-;-;KT
01.06.2011;621;-1,74;6691;4155420;619;615;627;-;-;KT
31.05.2011;632;1,12;25289;15877695;601;601;635;-;-;KT
30.05.2011;625;4,34;22534;13978019;599;599;630;-;-;KT
27.05.2011;599;3,45;44623;26652232;579;579;618;-;-;KT
26.05.2011;579;1,94;16930;9771809;566;566;584;-;-;KT
25.05.2011;568;4,60;25998;14728862;560;556;575;-;-;KT
24.05.2011;543;0,93;15862;8536913;516;516;555;-;-;KT
23.05.2011;538;-4,61;2715;1456540;531;531;547;-;-;KT
20.05.2011;564;-2,25;7994;4466092;550;550;576;-;-;KT
19.05.2011;577;5,68;28495;16368306;560;560;591;-;-;KT
18.05.2011;546;3,80;63930;34788866;526;526;570;-;-;KT
17.05.2011;526;1,74;18914;9918798;517;517;530;-;-;KT
16.05.2011;517;-1,71;6888;3556043;516;516;520;-;-;KT
13.05.2011;526;2,53;26438;13843939;510;510;531;-;-;KT
12.05.2011;513;0,20;10332;5268107;507;507;515;-;-;KT
11.05.2011;512;0,99;9784;5009298;512;510;513;-;-;KT
10.05.2011;507;-0,98;4211;2129344;504;502;510;-;-;KT
09.05.2011;512;-0,19;8194;4207162;514;506;514;-;-;KT
06.05.2011;513;0,59;9218;4728662;513;511;514;-;-;KT
05.05.2011;510;-0,58;7489;3807496;506;506;512;-;-;KT
04.05.2011;513;0,39;11773;6044689;515;503;520;-;-;KT
29.04.2011;511;0,99;11457;5830010;506;506;514;-;-;KT
28.04.2011;506;0,60;7443;3751775;502;501;512;-;-;KT
27.04.2011;503;0,20;4708;2361899;500;500;504;-;-;KT
26.04.2011;502;-0,40;6231;3121522;495;495;504;-;-;KT
21.04.2011;504;0,20;8989;4526054;494;494;509;-;-;KT
20.04.2011;503;0,60;8721;4377125;500;500;505;-;-;KT
19.04.2011;500;-0,79;5390;2695483;500;495;501;-;-;KT
18.04.2011;504;-0,98;10662;5411117;512;503;512;-;-;KT
15.04.2011;509;1,19;56319;28671377;505;503;511;-;-;KT
14.04.2011;503;-0,40;11255;5671931;505;502;505;-;-;KT
13.04.2011;505;0,20;9614;4851821;502;502;506;-;-;KT
12.04.2011;504;-0,98;7677;3855943;501;501;506;-;-;KT
11.04.2011;509;-0,59;6755;3442587;510;506;514;-;-;KT
08.04.2011;512;-0,39;4947;2533621;512;512;515;-;-;KT
07.04.2011;514;-2,28;6789;3486845;513;513;516;-;-;KT
06.04.2011;526;-0,94;16254;8534157;513;513;528;-;-;KT
05.04.2011;531;0,00;22452;11948301;535;504;539;-;-;KT
04.04.2011;531;3,71;128523;67958849;521;521;543;-;-;KT
01.04.2011;512;2,81;145210;74272305;483;483;520;-;-;KT
31.03.2011;498;3,97;127777;63531459;480;480;500;-;-;KT
30.03.2011;479;0,21;20500;9805430;477;477;485;-;-;KT
29.03.2011;478;-0,21;15557;7437526;472;471;482;-;-;KT
28.03.2011;479;-0,62;8347;4003303;482;475;482;-;-;KT
25.03.2011;482;-1,03;5134;2475521;482;481;484;-;-;KT
24.03.2011;487;-0,20;14112;6867667;483;483;489;-;-;KT
23.03.2011;488;0,00;18496;9017991;483;483;491;-;-;KT
22.03.2011;488;1,04;36881;18039238;490;484;495;-;-;KT
21.03.2011;483;-1,23;40190;18813717;464;464;488;-;-;KT
18.03.2011;489;-1,41;8832;4313926;486;485;490;-;-;KT
17.03.2011;496;-0,80;6511;3227932;490;487;500;-;-;KT
16.03.2011;500;0,00;15882;7935350;495;495;501;-;-;KT
15.03.2011;500;-1,19;19302;9656391;503;489;510;-;-;KT
14.03.2011;506;-0,78;22091;11185067;505;504;510;-;-;KT
11.03.2011;510;-0,78;11100;5656869;503;503;512;-;-;KT
10.03.2011;514;-0,58;18564;9531812;511;509;516;-;-;KT
09.03.2011;517;-1,15;34674;17926327;520;513;521;-;-;KT
08.03.2011;523;0,38;38025;19868551;519;519;530;-;-;KT
07.03.2011;521;0,97;30550;15901846;516;515;525;-;-;KT
04.03.2011;516;1,38;57659;29705738;504;504;522;-;-;KT
03.03.2011;509;0,79;5210;2652847;510;506;514;-;-;KT
02.03.2011;505;0,20;28724;14488553;502;502;509;-;-;KT
01.03.2011;504;-3,26;32829;16299548;495;495;510;-;-;KT
28.02.2011;521;-2,43;9308;4851264;526;511;530;-;-;KT
25.02.2011;534;-0,37;26946;14380159;525;524;541;-;-;KT
24.02.2011;536;-2,55;20958;11332383;550;521;550;-;-;KT
23.02.2011;550;3,77;73345;40336965;550;541;568;-;-;KT
22.02.2011;530;9,96;45418;24071540;530;530;530;-;-;KT
21.02.2011;482;5,93;104019;49519360;461;460;501;-;-;KT
18.02.2011;455;2,48;15247;6923426;450;450;460;-;-;KT
17.02.2011;444;1,14;8002;3525696;421;421;450;-;-;KT
16.02.2011;439;-4,77;5114;2249044;450;430;450;-;-;KT
14.02.2011;461;-2,12;7564;3473486;454;450;470;-;-;KT
11.02.2011;471;-6,92;8800;4140710;470;469;480;-;-;KT
10.02.2011;506;-7,83;7622;3857378;506;506;510;-;-;KT
09.02.2011;549;-7,42;9613;5277767;550;546;550;-;-;KT
08.02.2011;593;-6,17;4694;2782380;600;585;600;-;-;KT
07.02.2011;632;-1,40;20076;12790698;641;610;700;-;-;KT
